file_id,file_name,block_index,label,label_name,meta_pos,meta_dis_mm,model,prob_oil,pred_label,correct
无油\rs485_20260622_134125.DAT,rs485_20260622_134125.DAT,0,0,无油,6,225.06,logistic_l2,1.3471230720997333e-12,0,True
无油\rs485_20260622_134125.DAT,rs485_20260622_134125.DAT,1,0,无油,6,225.06,logistic_l2,1.8355995855063404e-11,0,True
无油\rs485_20260622_134125.DAT,rs485_20260622_134125.DAT,2,0,无油,5,187.55,logistic_l2,0.31098799579031833,0,True
无油\rs485_20260622_134125.DAT,rs485_20260622_134125.DAT,3,0,无油,4,150.04,logistic_l2,0.20825009674859338,0,True
无油\rs485_20260622_134125.DAT,rs485_20260622_134125.DAT,4,0,无油,4,150.04,logistic_l2,0.41585852425587755,0,True
无油\rs485_20260622_134125.DAT,rs485_20260622_134125.DAT,5,0,无油,4,150.04,logistic_l2,0.11258683373383488,0,True
无油\rs485_20260622_134125.DAT,rs485_20260622_134125.DAT,6,0,无油,4,150.04,logistic_l2,0.8492329885209481,0,True
无油\rs485_20260622_134125.DAT,rs485_20260622_134125.DAT,7,0,无油,4,150.04,logistic_l2,0.45780235404705494,0,True
无油\rs485_20260622_134125.DAT,rs485_20260622_134125.DAT,8,0,无油,8,300.09,logistic_l2,0.057689005743026815,0,True
无油\rs485_20260622_134125.DAT,rs485_20260622_134125.DAT,9,0,无油,8,300.09,logistic_l2,0.03771277209792356,0,True
无油\rs485_20260622_134125.DAT,rs485_20260622_134125.DAT,10,0,无油,3,112.53,logistic_l2,0.5416872776350886,0,True
无油\rs485_20260622_134125.DAT,rs485_20260622_134125.DAT,11,0,无油,4,150.04,logistic_l2,0.048479335050738426,0,True
无油\rs485_20260622_134125.DAT,rs485_20260622_134125.DAT,12,0,无油,4,150.04,logistic_l2,0.11784029181321541,0,True
无油\rs485_20260622_134125.DAT,rs485_20260622_134125.DAT,13,0,无油,2,75.02,logistic_l2,0.036558725715529684,0,True
无油\rs485_20260622_134125.DAT,rs485_20260622_134125.DAT,14,0,无油,3,112.53,logistic_l2,0.22926975242437075,0,True
无油\rs485_20260622_134125.DAT,rs485_20260622_134125.DAT,15,0,无油,4,150.04,logistic_l2,0.2182554554699438,0,True
无油\rs485_20260622_134125.DAT,rs485_20260622_134125.DAT,16,0,无油,3,112.53,logistic_l2,0.31733861196003627,0,True
无油\rs485_20260622_134125.DAT,rs485_20260622_134125.DAT,17,0,无油,4,150.04,logistic_l2,0.4349360215046422,0,True
无油\rs485_20260622_134125.DAT,rs485_20260622_134125.DAT,18,0,无油,4,150.04,logistic_l2,0.07934637605477905,0,True
无油\rs485_20260622_134125.DAT,rs485_20260622_134125.DAT,19,0,无油,4,150.04,logistic_l2,0.2130558454278426,0,True
无油\rs485_20260622_134125.DAT,rs485_20260622_134125.DAT,20,0,无油,3,112.53,logistic_l2,0.7343093705594155,0,True
无油\rs485_20260622_134125.DAT,rs485_20260622_134125.DAT,21,0,无油,4,150.04,logistic_l2,0.01962193402866922,0,True
无油\rs485_20260622_134125.DAT,rs485_20260622_134125.DAT,22,0,无油,2,75.02,logistic_l2,0.1093974015706575,0,True
无油\rs485_20260622_134125.DAT,rs485_20260622_134125.DAT,23,0,无油,4,150.04,logistic_l2,0.17200697854556457,0,True
无油\rs485_20260622_134125.DAT,rs485_20260622_134125.DAT,24,0,无油,5,187.55,logistic_l2,0.04556769322336621,0,True
无油\rs485_20260622_134125.DAT,rs485_20260622_134125.DAT,25,0,无油,4,150.04,logistic_l2,0.03606515567387801,0,True
无油\rs485_20260622_134125.DAT,rs485_20260622_134125.DAT,26,0,无油,4,150.04,logistic_l2,0.38497942278762326,0,True
无油\rs485_20260622_134125.DAT,rs485_20260622_134125.DAT,27,0,无油,4,150.04,logistic_l2,0.09696690480631087,0,True
无油\rs485_20260622_134125.DAT,rs485_20260622_134125.DAT,28,0,无油,4,150.04,logistic_l2,0.20537340984865354,0,True
无油\rs485_20260622_134125.DAT,rs485_20260622_134125.DAT,29,0,无油,4,150.04,logistic_l2,0.7819803941522447,0,True
无油\rs485_20260622_134125.DAT,rs485_20260622_134125.DAT,30,0,无油,2,75.02,logistic_l2,0.14960894088182974,0,True
无油\rs485_20260622_134125.DAT,rs485_20260622_134125.DAT,31,0,无油,4,150.04,logistic_l2,0.9003098846732218,0,True
无油\rs485_20260622_134325.DAT,rs485_20260622_134325.DAT,0,0,无油,4,150.04,logistic_l2,0.7429459413007717,0,True
无油\rs485_20260622_134325.DAT,rs485_20260622_134325.DAT,1,0,无油,5,187.55,logistic_l2,0.203486078752453,0,True
无油\rs485_20260622_134325.DAT,rs485_20260622_134325.DAT,2,0,无油,3,112.53,logistic_l2,0.2542433294250174,0,True
无油\rs485_20260622_134325.DAT,rs485_20260622_134325.DAT,3,0,无油,4,150.04,logistic_l2,0.03118266117412592,0,True
无油\rs485_20260622_134325.DAT,rs485_20260622_134325.DAT,4,0,无油,4,150.04,logistic_l2,0.857277079606138,0,True
无油\rs485_20260622_134325.DAT,rs485_20260622_134325.DAT,5,0,无油,5,187.55,logistic_l2,0.3930616054042452,0,True
无油\rs485_20260622_134325.DAT,rs485_20260622_134325.DAT,6,0,无油,4,150.04,logistic_l2,0.32573821275591003,0,True
无油\rs485_20260622_134325.DAT,rs485_20260622_134325.DAT,7,0,无油,4,150.04,logistic_l2,0.009617365596028545,0,True
无油\rs485_20260622_134325.DAT,rs485_20260622_134325.DAT,8,0,无油,4,150.04,logistic_l2,0.03852653363365627,0,True
无油\rs485_20260622_134325.DAT,rs485_20260622_134325.DAT,9,0,无油,4,150.04,logistic_l2,0.06319796572581841,0,True
无油\rs485_20260622_134325.DAT,rs485_20260622_134325.DAT,10,0,无油,3,112.53,logistic_l2,0.5826273231880338,0,True
无油\rs485_20260622_134325.DAT,rs485_20260622_134325.DAT,11,0,无油,3,112.53,logistic_l2,0.03378905943603767,0,True
无油\rs485_20260622_134325.DAT,rs485_20260622_134325.DAT,12,0,无油,2,75.02,logistic_l2,0.6104295719426285,0,True
无油\rs485_20260622_134325.DAT,rs485_20260622_134325.DAT,13,0,无油,4,150.04,logistic_l2,0.015623202943873498,0,True
无油\rs485_20260622_134325.DAT,rs485_20260622_134325.DAT,14,0,无油,2,75.02,logistic_l2,0.00026606007204821135,0,True
无油\rs485_20260622_134325.DAT,rs485_20260622_134325.DAT,15,0,无油,4,150.04,logistic_l2,0.6790139493030655,0,True
无油\rs485_20260622_134325.DAT,rs485_20260622_134325.DAT,16,0,无油,4,150.04,logistic_l2,0.8111519387416782,0,True
无油\rs485_20260622_134325.DAT,rs485_20260622_134325.DAT,17,0,无油,4,150.04,logistic_l2,0.8984941231605627,0,True
无油\rs485_20260622_134325.DAT,rs485_20260622_134325.DAT,18,0,无油,4,150.04,logistic_l2,0.8981187054382921,0,True
无油\rs485_20260622_134325.DAT,rs485_20260622_134325.DAT,19,0,无油,4,150.04,logistic_l2,0.0908212837532692,0,True
无油\rs485_20260622_134325.DAT,rs485_20260622_134325.DAT,20,0,无油,4,150.04,logistic_l2,0.3602240637858629,0,True
无油\rs485_20260622_134325.DAT,rs485_20260622_134325.DAT,21,0,无油,4,150.04,logistic_l2,0.19171756994260217,0,True
无油\rs485_20260622_134325.DAT,rs485_20260622_134325.DAT,22,0,无油,5,187.55,logistic_l2,0.9560974396402196,1,False
无油\rs485_20260622_134325.DAT,rs485_20260622_134325.DAT,23,0,无油,7,262.57,logistic_l2,0.019577354145042185,0,True
无油\rs485_20260622_134325.DAT,rs485_20260622_134325.DAT,24,0,无油,4,150.04,logistic_l2,0.7831230904666573,0,True
无油\rs485_20260622_134325.DAT,rs485_20260622_134325.DAT,25,0,无油,4,150.04,logistic_l2,0.32038027373009914,0,True
无油\rs485_20260622_134745.DAT,rs485_20260622_134745.DAT,0,0,无油,4,150.04,logistic_l2,0.00414140595205883,0,True
无油\rs485_20260622_134745.DAT,rs485_20260622_134745.DAT,1,0,无油,4,150.04,logistic_l2,0.03149744445188536,0,True
无油\rs485_20260622_134754.DAT,rs485_20260622_134754.DAT,0,0,无油,4,150.04,logistic_l2,0.09719795710994496,0,True
无油\rs485_20260622_134754.DAT,rs485_20260622_134754.DAT,1,0,无油,4,150.04,logistic_l2,0.012503959135111679,0,True
无油\rs485_20260622_134754.DAT,rs485_20260622_134754.DAT,2,0,无油,4,150.04,logistic_l2,0.6628536203581636,0,True
无油\rs485_20260622_134754.DAT,rs485_20260622_134754.DAT,3,0,无油,4,150.04,logistic_l2,0.5286609859166284,0,True
无油\rs485_20260622_134754.DAT,rs485_20260622_134754.DAT,4,0,无油,4,150.04,logistic_l2,0.12940158287536685,0,True
无油\rs485_20260622_134754.DAT,rs485_20260622_134754.DAT,5,0,无油,4,150.04,logistic_l2,0.4682095022610243,0,True
无油\rs485_20260622_134754.DAT,rs485_20260622_134754.DAT,6,0,无油,4,150.04,logistic_l2,0.10659735712516538,0,True
无油\rs485_20260622_134754.DAT,rs485_20260622_134754.DAT,7,0,无油,8,300.09,logistic_l2,0.7085678228573529,0,True
无油\rs485_20260622_134754.DAT,rs485_20260622_134754.DAT,8,0,无油,3,112.53,logistic_l2,0.9199442747649028,1,False
无油\rs485_20260622_134754.DAT,rs485_20260622_134754.DAT,9,0,无油,4,150.04,logistic_l2,0.4841524152098672,0,True
无油\rs485_20260622_134754.DAT,rs485_20260622_134754.DAT,10,0,无油,4,150.04,logistic_l2,0.019590704126640938,0,True
无油\rs485_20260622_134754.DAT,rs485_20260622_134754.DAT,11,0,无油,4,150.04,logistic_l2,0.16515799129610573,0,True
无油\rs485_20260622_134754.DAT,rs485_20260622_134754.DAT,12,0,无油,4,150.04,logistic_l2,0.7104005208057406,0,True
无油\rs485_20260622_134754.DAT,rs485_20260622_134754.DAT,13,0,无油,4,150.04,logistic_l2,0.1392207579173982,0,True
无油\rs485_20260622_134754.DAT,rs485_20260622_134754.DAT,14,0,无油,4,150.04,logistic_l2,0.12615445120368812,0,True
无油\rs485_20260622_134754.DAT,rs485_20260622_134754.DAT,15,0,无油,4,150.04,logistic_l2,0.20161755748901541,0,True
无油\rs485_20260622_134754.DAT,rs485_20260622_134754.DAT,16,0,无油,4,150.04,logistic_l2,0.09593909307497317,0,True
无油\rs485_20260622_134754.DAT,rs485_20260622_134754.DAT,17,0,无油,4,150.04,logistic_l2,0.4522509469833432,0,True
无油\rs485_20260622_134754.DAT,rs485_20260622_134754.DAT,18,0,无油,5,187.55,logistic_l2,0.6491605822472953,0,True
无油\rs485_20260622_134754.DAT,rs485_20260622_134754.DAT,19,0,无油,7,262.57,logistic_l2,0.9949333177610709,1,False
无油\rs485_20260622_134754.DAT,rs485_20260622_134754.DAT,20,0,无油,7,262.57,logistic_l2,0.21989686754995802,0,True
无油\rs485_20260622_134754.DAT,rs485_20260622_134754.DAT,21,0,无油,2,75.02,logistic_l2,0.8706489737691651,0,True
无油\rs485_20260622_134754.DAT,rs485_20260622_134754.DAT,22,0,无油,4,150.04,logistic_l2,0.9999999948639291,1,False
无油\rs485_20260622_134754.DAT,rs485_20260622_134754.DAT,23,0,无油,5,187.55,logistic_l2,0.16928057222631002,0,True
无油\rs485_20260622_134754.DAT,rs485_20260622_134754.DAT,24,0,无油,4,150.04,logistic_l2,0.8841848281994621,0,True
无油\rs485_20260622_134754.DAT,rs485_20260622_134754.DAT,25,0,无油,4,150.04,logistic_l2,0.7588445425516447,0,True
无油\rs485_20260622_134754.DAT,rs485_20260622_134754.DAT,26,0,无油,4,150.04,logistic_l2,0.47050942037687504,0,True
无油\rs485_20260622_134754.DAT,rs485_20260622_134754.DAT,27,0,无油,4,150.04,logistic_l2,0.9441971924051467,1,False
无油\rs485_20260622_134754.DAT,rs485_20260622_134754.DAT,28,0,无油,5,187.55,logistic_l2,0.052357682254172436,0,True
无油\rs485_20260622_134754.DAT,rs485_20260622_134754.DAT,29,0,无油,3,112.53,logistic_l2,0.4076195993328288,0,True
无油\rs485_20260622_134754.DAT,rs485_20260622_134754.DAT,30,0,无油,4,150.04,logistic_l2,0.00020992299239653826,0,True
无油\rs485_20260622_134754.DAT,rs485_20260622_134754.DAT,31,0,无油,2,75.02,logistic_l2,0.024117762784272686,0,True
无油\rs485_20260622_134754.DAT,rs485_20260622_134754.DAT,32,0,无油,4,150.04,logistic_l2,0.9677456634307365,1,False
无油\rs485_20260622_134754.DAT,rs485_20260622_134754.DAT,33,0,无油,4,150.04,logistic_l2,0.0005699533149361234,0,True
无油\rs485_20260622_134754.DAT,rs485_20260622_134754.DAT,34,0,无油,4,150.04,logistic_l2,0.0023944221891232576,0,True
无油\rs485_20260622_134754.DAT,rs485_20260622_134754.DAT,35,0,无油,3,112.53,logistic_l2,0.06583835405256279,0,True
无油\rs485_20260622_134754.DAT,rs485_20260622_134754.DAT,36,0,无油,4,150.04,logistic_l2,1.0,1,False
无油\rs485_20260622_134754.DAT,rs485_20260622_134754.DAT,37,0,无油,5,187.55,logistic_l2,0.00018355917682503532,0,True
无油\rs485_20260622_134754.DAT,rs485_20260622_134754.DAT,38,0,无油,4,150.04,logistic_l2,0.0440497663604652,0,True
无油\rs485_20260622_134754.DAT,rs485_20260622_134754.DAT,39,0,无油,4,150.04,logistic_l2,0.3378471592475173,0,True
无油\rs485_20260622_134754.DAT,rs485_20260622_134754.DAT,40,0,无油,4,150.04,logistic_l2,0.02803424556075218,0,True
无油\rs485_20260622_134754.DAT,rs485_20260622_134754.DAT,41,0,无油,7,262.57,logistic_l2,0.03471107523086832,0,True
无油\rs485_20260622_134754.DAT,rs485_20260622_134754.DAT,42,0,无油,4,150.04,logistic_l2,0.40997760518547494,0,True
无油\rs485_20260622_134754.DAT,rs485_20260622_134754.DAT,43,0,无油,4,150.04,logistic_l2,0.00710056138693433,0,True
无油\rs485_20260622_134754.DAT,rs485_20260622_134754.DAT,44,0,无油,4,150.04,logistic_l2,0.7024887542542839,0,True
无油\rs485_20260622_134754.DAT,rs485_20260622_134754.DAT,45,0,无油,4,150.04,logistic_l2,0.6169629729361804,0,True
无油\rs485_20260622_134754.DAT,rs485_20260622_134754.DAT,46,0,无油,4,150.04,logistic_l2,0.23921615266111315,0,True
无油\rs485_20260622_134754.DAT,rs485_20260622_134754.DAT,47,0,无油,4,150.04,logistic_l2,0.09167508167701563,0,True
无油\rs485_20260622_134754.DAT,rs485_20260622_134754.DAT,48,0,无油,4,150.04,logistic_l2,0.09552328495855053,0,True
无油\rs485_20260622_134754.DAT,rs485_20260622_134754.DAT,49,0,无油,5,187.55,logistic_l2,0.10141135769920243,0,True
无油\rs485_20260622_134754.DAT,rs485_20260622_134754.DAT,50,0,无油,4,150.04,logistic_l2,0.3658810210018154,0,True
无油\rs485_20260622_134754.DAT,rs485_20260622_134754.DAT,51,0,无油,4,150.04,logistic_l2,0.05885098475795093,0,True
无油\rs485_20260622_134754.DAT,rs485_20260622_134754.DAT,52,0,无油,7,262.57,logistic_l2,0.2734880751339747,0,True
无油\rs485_20260622_134754.DAT,rs485_20260622_134754.DAT,53,0,无油,4,150.04,logistic_l2,0.3712166885108202,0,True
无油\rs485_20260622_134754.DAT,rs485_20260622_134754.DAT,54,0,无油,4,150.04,logistic_l2,0.079226301914769,0,True
无油\rs485_20260622_134754.DAT,rs485_20260622_134754.DAT,55,0,无油,4,150.04,logistic_l2,0.2368104435962199,0,True
无油\rs485_20260622_134754.DAT,rs485_20260622_134754.DAT,56,0,无油,4,150.04,logistic_l2,0.03397199816229738,0,True
无油\rs485_20260622_134754.DAT,rs485_20260622_134754.DAT,57,0,无油,4,150.04,logistic_l2,0.43521634108799095,0,True
无油\rs485_20260622_134754.DAT,rs485_20260622_134754.DAT,58,0,无油,4,150.04,logistic_l2,0.33660026108176194,0,True
无油\rs485_20260622_134754.DAT,rs485_20260622_134754.DAT,59,0,无油,4,150.04,logistic_l2,0.7621313063494081,0,True
无油\rs485_20260622_134754.DAT,rs485_20260622_134754.DAT,60,0,无油,5,187.55,logistic_l2,0.31021557777461584,0,True
无油\rs485_20260622_134754.DAT,rs485_20260622_134754.DAT,61,0,无油,4,150.04,logistic_l2,0.5290992471868691,0,True
无油\rs485_20260622_134754.DAT,rs485_20260622_134754.DAT,62,0,无油,0,0.0,logistic_l2,1.0,1,False
无油\rs485_20260622_134754.DAT,rs485_20260622_134754.DAT,63,0,无油,0,0.0,logistic_l2,1.0,1,False
无油\rs485_20260622_134754.DAT,rs485_20260622_134754.DAT,64,0,无油,0,0.0,logistic_l2,0.0,0,True
无油\rs485_20260622_134754.DAT,rs485_20260622_134754.DAT,65,0,无油,0,0.0,logistic_l2,1.0,1,False
有油\rs485_20260622_134325.DAT,rs485_20260622_134325.DAT,0,1,有油,4,150.04,logistic_l2,0.9066201976946701,1,True
有油\rs485_20260622_134325.DAT,rs485_20260622_134325.DAT,1,1,有油,3,112.53,logistic_l2,0.9916867126541921,1,True
有油\rs485_20260622_134325.DAT,rs485_20260622_134325.DAT,2,1,有油,2,75.02,logistic_l2,0.013667135382446214,0,False
有油\rs485_20260622_134325.DAT,rs485_20260622_134325.DAT,3,1,有油,3,112.53,logistic_l2,0.8312335280943369,0,False
有油\rs485_20260622_134325.DAT,rs485_20260622_134325.DAT,4,1,有油,2,75.02,logistic_l2,0.1184120593934028,0,False
有油\rs485_20260622_134325.DAT,rs485_20260622_134325.DAT,5,1,有油,2,75.02,logistic_l2,0.0005284540396238926,0,False
有油\rs485_20260622_134325.DAT,rs485_20260622_134325.DAT,6,1,有油,2,75.02,logistic_l2,0.9813601578953699,1,True
有油\rs485_20260622_134325.DAT,rs485_20260622_134325.DAT,7,1,有油,2,75.02,logistic_l2,0.06670991288487767,0,False
有油\rs485_20260622_134325.DAT,rs485_20260622_134325.DAT,8,1,有油,4,150.04,logistic_l2,0.9906245372078534,1,True
有油\rs485_20260622_134325.DAT,rs485_20260622_134325.DAT,9,1,有油,4,150.04,logistic_l2,2.838920669763172e-05,0,False
有油\rs485_20260622_134325.DAT,rs485_20260622_134325.DAT,10,1,有油,4,150.04,logistic_l2,0.00011225664224446658,0,False
有油\rs485_20260622_135317.DAT,rs485_20260622_135317.DAT,0,1,有油,3,112.53,logistic_l2,0.02719987675918423,0,False
有油\rs485_20260622_135317.DAT,rs485_20260622_135317.DAT,1,1,有油,2,75.02,logistic_l2,0.005020691939381426,0,False
有油\rs485_20260622_135317.DAT,rs485_20260622_135317.DAT,2,1,有油,3,112.53,logistic_l2,0.9649396813672703,1,True
有油\rs485_20260622_135317.DAT,rs485_20260622_135317.DAT,3,1,有油,3,112.53,logistic_l2,0.0399699628044503,0,False
有油\rs485_20260622_135317.DAT,rs485_20260622_135317.DAT,4,1,有油,3,112.53,logistic_l2,0.010970250388580533,0,False
有油\rs485_20260622_135317.DAT,rs485_20260622_135317.DAT,5,1,有油,3,112.53,logistic_l2,0.23650924117177602,0,False
有油\rs485_20260622_135317.DAT,rs485_20260622_135317.DAT,6,1,有油,4,150.04,logistic_l2,0.025293871012309684,0,False
有油\rs485_20260622_135317.DAT,rs485_20260622_135317.DAT,7,1,有油,4,150.04,logistic_l2,0.5589245448731867,0,False
有油\rs485_20260622_135317.DAT,rs485_20260622_135317.DAT,8,1,有油,3,112.53,logistic_l2,0.8344851943948453,0,False
有油\rs485_20260622_135317.DAT,rs485_20260622_135317.DAT,9,1,有油,3,112.53,logistic_l2,0.07334981828021751,0,False
有油\rs485_20260622_135317.DAT,rs485_20260622_135317.DAT,10,1,有油,3,112.53,logistic_l2,0.007592478121892311,0,False
有油\rs485_20260622_135317.DAT,rs485_20260622_135317.DAT,11,1,有油,3,112.53,logistic_l2,0.009175362513285289,0,False
有油\rs485_20260622_135317.DAT,rs485_20260622_135317.DAT,12,1,有油,4,150.04,logistic_l2,0.9070384034313201,1,True
有油\rs485_20260622_135317.DAT,rs485_20260622_135317.DAT,13,1,有油,4,150.04,logistic_l2,0.0128933020198478,0,False
有油\rs485_20260622_135317.DAT,rs485_20260622_135317.DAT,14,1,有油,3,112.53,logistic_l2,0.02699143615180802,0,False
有油\rs485_20260622_135317.DAT,rs485_20260622_135317.DAT,15,1,有油,4,150.04,logistic_l2,0.3953915215035285,0,False
有油\rs485_20260622_135317.DAT,rs485_20260622_135317.DAT,16,1,有油,4,150.04,logistic_l2,0.009888041075699667,0,False
有油\rs485_20260622_135317.DAT,rs485_20260622_135317.DAT,17,1,有油,4,150.04,logistic_l2,0.025499457519602003,0,False
有油\rs485_20260622_135317.DAT,rs485_20260622_135317.DAT,18,1,有油,4,150.04,logistic_l2,0.0006770721836659265,0,False
有油\rs485_20260622_135317.DAT,rs485_20260622_135317.DAT,19,1,有油,4,150.04,logistic_l2,0.023120710668807932,0,False
有油\rs485_20260622_135317.DAT,rs485_20260622_135317.DAT,20,1,有油,3,112.53,logistic_l2,0.930712920377589,1,True
有油\rs485_20260622_135317.DAT,rs485_20260622_135317.DAT,21,1,有油,4,150.04,logistic_l2,0.7649601595951525,0,False
有油\rs485_20260622_135317.DAT,rs485_20260622_135317.DAT,22,1,有油,5,187.55,logistic_l2,0.5215383558944764,0,False
有油\rs485_20260622_135317.DAT,rs485_20260622_135317.DAT,23,1,有油,7,262.57,logistic_l2,0.2631225928423483,0,False
有油\rs485_20260622_135317.DAT,rs485_20260622_135317.DAT,24,1,有油,4,150.04,logistic_l2,0.026132068290819672,0,False
有油\rs485_20260622_135317.DAT,rs485_20260622_135317.DAT,25,1,有油,2,75.02,logistic_l2,0.0008722713143207921,0,False
有油\rs485_20260622_135317.DAT,rs485_20260622_135317.DAT,26,1,有油,4,150.04,logistic_l2,0.9582718435120096,1,True
有油\rs485_20260622_135317.DAT,rs485_20260622_135317.DAT,27,1,有油,4,150.04,logistic_l2,0.0010695877112141287,0,False
有油\rs485_20260622_135317.DAT,rs485_20260622_135317.DAT,28,1,有油,4,150.04,logistic_l2,0.018938062122784618,0,False
有油\rs485_20260622_135317.DAT,rs485_20260622_135317.DAT,29,1,有油,7,262.57,logistic_l2,0.09781662220426282,0,False
有油\rs485_20260622_135317.DAT,rs485_20260622_135317.DAT,30,1,有油,5,187.55,logistic_l2,0.010099076804288218,0,False
有油\rs485_20260622_135317.DAT,rs485_20260622_135317.DAT,31,1,有油,7,262.57,logistic_l2,0.005977205604567143,0,False
有油\rs485_20260622_135317.DAT,rs485_20260622_135317.DAT,32,1,有油,3,112.53,logistic_l2,0.0007011420277127129,0,False
有油\rs485_20260622_135317.DAT,rs485_20260622_135317.DAT,33,1,有油,3,112.53,logistic_l2,0.400606641588089,0,False
有油\rs485_20260622_135317.DAT,rs485_20260622_135317.DAT,34,1,有油,4,150.04,logistic_l2,0.011642844158909559,0,False
有油\rs485_20260622_135317.DAT,rs485_20260622_135317.DAT,35,1,有油,4,150.04,logistic_l2,1.7542681377626814e-06,0,False
无油\rs485_20260622_134125.DAT,rs485_20260622_134125.DAT,0,0,无油,6,225.06,random_forest,0.1233790923995051,0,True
无油\rs485_20260622_134125.DAT,rs485_20260622_134125.DAT,1,0,无油,6,225.06,random_forest,0.12104388056181897,0,True
无油\rs485_20260622_134125.DAT,rs485_20260622_134125.DAT,2,0,无油,5,187.55,random_forest,0.15196231336900703,0,True
无油\rs485_20260622_134125.DAT,rs485_20260622_134125.DAT,3,0,无油,4,150.04,random_forest,0.35480819243105355,0,True
无油\rs485_20260622_134125.DAT,rs485_20260622_134125.DAT,4,0,无油,4,150.04,random_forest,0.30068036062152087,0,True
无油\rs485_20260622_134125.DAT,rs485_20260622_134125.DAT,5,0,无油,4,150.04,random_forest,0.08756238438715985,0,True
无油\rs485_20260622_134125.DAT,rs485_20260622_134125.DAT,6,0,无油,4,150.04,random_forest,0.44088628482499215,0,True
无油\rs485_20260622_134125.DAT,rs485_20260622_134125.DAT,7,0,无油,4,150.04,random_forest,0.1922083566054296,0,True
无油\rs485_20260622_134125.DAT,rs485_20260622_134125.DAT,8,0,无油,8,300.09,random_forest,0.282356395005964,0,True
无油\rs485_20260622_134125.DAT,rs485_20260622_134125.DAT,9,0,无油,8,300.09,random_forest,0.19196097284909247,0,True
无油\rs485_20260622_134125.DAT,rs485_20260622_134125.DAT,10,0,无油,3,112.53,random_forest,0.5404970310440249,0,True
无油\rs485_20260622_134125.DAT,rs485_20260622_134125.DAT,11,0,无油,4,150.04,random_forest,0.21169042636825647,0,True
无油\rs485_20260622_134125.DAT,rs485_20260622_134125.DAT,12,0,无油,4,150.04,random_forest,0.3427232868144349,0,True
无油\rs485_20260622_134125.DAT,rs485_20260622_134125.DAT,13,0,无油,2,75.02,random_forest,0.4422694177252325,0,True
无油\rs485_20260622_134125.DAT,rs485_20260622_134125.DAT,14,0,无油,3,112.53,random_forest,0.15689235818271213,0,True
无油\rs485_20260622_134125.DAT,rs485_20260622_134125.DAT,15,0,无油,4,150.04,random_forest,0.16576642706453393,0,True
无油\rs485_20260622_134125.DAT,rs485_20260622_134125.DAT,16,0,无油,3,112.53,random_forest,0.1250548211845216,0,True
无油\rs485_20260622_134125.DAT,rs485_20260622_134125.DAT,17,0,无油,4,150.04,random_forest,0.28073385721439564,0,True
无油\rs485_20260622_134125.DAT,rs485_20260622_134125.DAT,18,0,无油,4,150.04,random_forest,0.13126216631247717,0,True
无油\rs485_20260622_134125.DAT,rs485_20260622_134125.DAT,19,0,无油,4,150.04,random_forest,0.3564410449072454,0,True
无油\rs485_20260622_134125.DAT,rs485_20260622_134125.DAT,20,0,无油,3,112.53,random_forest,0.29770660738122207,0,True
无油\rs485_20260622_134125.DAT,rs485_20260622_134125.DAT,21,0,无油,4,150.04,random_forest,0.2913971602274894,0,True
无油\rs485_20260622_134125.DAT,rs485_20260622_134125.DAT,22,0,无油,2,75.02,random_forest,0.5733789822460371,0,True
无油\rs485_20260622_134125.DAT,rs485_20260622_134125.DAT,23,0,无油,4,150.04,random_forest,0.20494878931903662,0,True
无油\rs485_20260622_134125.DAT,rs485_20260622_134125.DAT,24,0,无油,5,187.55,random_forest,0.22832876702898738,0,True
无油\rs485_20260622_134125.DAT,rs485_20260622_134125.DAT,25,0,无油,4,150.04,random_forest,0.29071034893367603,0,True
无油\rs485_20260622_134125.DAT,rs485_20260622_134125.DAT,26,0,无油,4,150.04,random_forest,0.2775293349527647,0,True
无油\rs485_20260622_134125.DAT,rs485_20260622_134125.DAT,27,0,无油,4,150.04,random_forest,0.26028540460400285,0,True
无油\rs485_20260622_134125.DAT,rs485_20260622_134125.DAT,28,0,无油,4,150.04,random_forest,0.30268530786291137,0,True
无油\rs485_20260622_134125.DAT,rs485_20260622_134125.DAT,29,0,无油,4,150.04,random_forest,0.4221718532091398,0,True
无油\rs485_20260622_134125.DAT,rs485_20260622_134125.DAT,30,0,无油,2,75.02,random_forest,0.5795788269442098,0,True
无油\rs485_20260622_134125.DAT,rs485_20260622_134125.DAT,31,0,无油,4,150.04,random_forest,0.5208680352223017,0,True
无油\rs485_20260622_134325.DAT,rs485_20260622_134325.DAT,0,0,无油,4,150.04,random_forest,0.43904920122700636,0,True
无油\rs485_20260622_134325.DAT,rs485_20260622_134325.DAT,1,0,无油,5,187.55,random_forest,0.2502776036961621,0,True
无油\rs485_20260622_134325.DAT,rs485_20260622_134325.DAT,2,0,无油,3,112.53,random_forest,0.4002111504948279,0,True
无油\rs485_20260622_134325.DAT,rs485_20260622_134325.DAT,3,0,无油,4,150.04,random_forest,0.4087803883434672,0,True
无油\rs485_20260622_134325.DAT,rs485_20260622_134325.DAT,4,0,无油,4,150.04,random_forest,0.44275230438357766,0,True
无油\rs485_20260622_134325.DAT,rs485_20260622_134325.DAT,5,0,无油,5,187.55,random_forest,0.313498818415142,0,True
无油\rs485_20260622_134325.DAT,rs485_20260622_134325.DAT,6,0,无油,4,150.04,random_forest,0.28861190065003856,0,True
无油\rs485_20260622_134325.DAT,rs485_20260622_134325.DAT,7,0,无油,4,150.04,random_forest,0.2895424056813853,0,True
无油\rs485_20260622_134325.DAT,rs485_20260622_134325.DAT,8,0,无油,4,150.04,random_forest,0.27758480116055034,0,True
无油\rs485_20260622_134325.DAT,rs485_20260622_134325.DAT,9,0,无油,4,150.04,random_forest,0.1851067608908245,0,True
无油\rs485_20260622_134325.DAT,rs485_20260622_134325.DAT,10,0,无油,3,112.53,random_forest,0.4021557284645474,0,True
无油\rs485_20260622_134325.DAT,rs485_20260622_134325.DAT,11,0,无油,3,112.53,random_forest,0.2753351844753807,0,True
无油\rs485_20260622_134325.DAT,rs485_20260622_134325.DAT,12,0,无油,2,75.02,random_forest,0.5144362629992425,0,True
无油\rs485_20260622_134325.DAT,rs485_20260622_134325.DAT,13,0,无油,4,150.04,random_forest,0.2610758710578195,0,True
无油\rs485_20260622_134325.DAT,rs485_20260622_134325.DAT,14,0,无油,2,75.02,random_forest,0.5555678988515623,0,True
无油\rs485_20260622_134325.DAT,rs485_20260622_134325.DAT,15,0,无油,4,150.04,random_forest,0.4134716191710812,0,True
无油\rs485_20260622_134325.DAT,rs485_20260622_134325.DAT,16,0,无油,4,150.04,random_forest,0.38241008541522914,0,True
无油\rs485_20260622_134325.DAT,rs485_20260622_134325.DAT,17,0,无油,4,150.04,random_forest,0.6708817793839975,1,False
无油\rs485_20260622_134325.DAT,rs485_20260622_134325.DAT,18,0,无油,4,150.04,random_forest,0.665951180751355,1,False
无油\rs485_20260622_134325.DAT,rs485_20260622_134325.DAT,19,0,无油,4,150.04,random_forest,0.4427308696486973,0,True
无油\rs485_20260622_134325.DAT,rs485_20260622_134325.DAT,20,0,无油,4,150.04,random_forest,0.48801954399117436,0,True
无油\rs485_20260622_134325.DAT,rs485_20260622_134325.DAT,21,0,无油,4,150.04,random_forest,0.5247665938872171,0,True
无油\rs485_20260622_134325.DAT,rs485_20260622_134325.DAT,22,0,无油,5,187.55,random_forest,0.7591881972769808,1,False
无油\rs485_20260622_134325.DAT,rs485_20260622_134325.DAT,23,0,无油,7,262.57,random_forest,0.37149422686721123,0,True
无油\rs485_20260622_134325.DAT,rs485_20260622_134325.DAT,24,0,无油,4,150.04,random_forest,0.35343834769278687,0,True
无油\rs485_20260622_134325.DAT,rs485_20260622_134325.DAT,25,0,无油,4,150.04,random_forest,0.38345030069839114,0,True
无油\rs485_20260622_134745.DAT,rs485_20260622_134745.DAT,0,0,无油,4,150.04,random_forest,0.1227916158309277,0,True
无油\rs485_20260622_134745.DAT,rs485_20260622_134745.DAT,1,0,无油,4,150.04,random_forest,0.16506719369826145,0,True
无油\rs485_20260622_134754.DAT,rs485_20260622_134754.DAT,0,0,无油,4,150.04,random_forest,0.39327801289357556,0,True
无油\rs485_20260622_134754.DAT,rs485_20260622_134754.DAT,1,0,无油,4,150.04,random_forest,0.3640648311604889,0,True
无油\rs485_20260622_134754.DAT,rs485_20260622_134754.DAT,2,0,无油,4,150.04,random_forest,0.5637044662969823,0,True
无油\rs485_20260622_134754.DAT,rs485_20260622_134754.DAT,3,0,无油,4,150.04,random_forest,0.4926846759704157,0,True
无油\rs485_20260622_134754.DAT,rs485_20260622_134754.DAT,4,0,无油,4,150.04,random_forest,0.45705666406562007,0,True
无油\rs485_20260622_134754.DAT,rs485_20260622_134754.DAT,5,0,无油,4,150.04,random_forest,0.5538576856057336,0,True
无油\rs485_20260622_134754.DAT,rs485_20260622_134754.DAT,6,0,无油,4,150.04,random_forest,0.3740922604538608,0,True
无油\rs485_20260622_134754.DAT,rs485_20260622_134754.DAT,7,0,无油,8,300.09,random_forest,0.5421439496660784,0,True
无油\rs485_20260622_134754.DAT,rs485_20260622_134754.DAT,8,0,无油,3,112.53,random_forest,0.6713390914557295,1,False
无油\rs485_20260622_134754.DAT,rs485_20260622_134754.DAT,9,0,无油,4,150.04,random_forest,0.5592434044338508,0,True
无油\rs485_20260622_134754.DAT,rs485_20260622_134754.DAT,10,0,无油,4,150.04,random_forest,0.46225554460236024,0,True
无油\rs485_20260622_134754.DAT,rs485_20260622_134754.DAT,11,0,无油,4,150.04,random_forest,0.4807049608995388,0,True
无油\rs485_20260622_134754.DAT,rs485_20260622_134754.DAT,12,0,无油,4,150.04,random_forest,0.5368450208233122,0,True
无油\rs485_20260622_134754.DAT,rs485_20260622_134754.DAT,13,0,无油,4,150.04,random_forest,0.42369253994107425,0,True
无油\rs485_20260622_134754.DAT,rs485_20260622_134754.DAT,14,0,无油,4,150.04,random_forest,0.4395523518467393,0,True
无油\rs485_20260622_134754.DAT,rs485_20260622_134754.DAT,15,0,无油,4,150.04,random_forest,0.3934357691805099,0,True
无油\rs485_20260622_134754.DAT,rs485_20260622_134754.DAT,16,0,无油,4,150.04,random_forest,0.4514370977550639,0,True
无油\rs485_20260622_134754.DAT,rs485_20260622_134754.DAT,17,0,无油,4,150.04,random_forest,0.543268965174756,0,True
无油\rs485_20260622_134754.DAT,rs485_20260622_134754.DAT,18,0,无油,5,187.55,random_forest,0.47660661412782795,0,True
无油\rs485_20260622_134754.DAT,rs485_20260622_134754.DAT,19,0,无油,7,262.57,random_forest,0.7329468882253117,1,False
无油\rs485_20260622_134754.DAT,rs485_20260622_134754.DAT,20,0,无油,7,262.57,random_forest,0.4078656935868511,0,True
无油\rs485_20260622_134754.DAT,rs485_20260622_134754.DAT,21,0,无油,2,75.02,random_forest,0.5112117934867219,0,True
无油\rs485_20260622_134754.DAT,rs485_20260622_134754.DAT,22,0,无油,4,150.04,random_forest,0.23589482697806774,0,True
无油\rs485_20260622_134754.DAT,rs485_20260622_134754.DAT,23,0,无油,5,187.55,random_forest,0.34715964176635894,0,True
无油\rs485_20260622_134754.DAT,rs485_20260622_134754.DAT,24,0,无油,4,150.04,random_forest,0.6126283713278275,1,False
无油\rs485_20260622_134754.DAT,rs485_20260622_134754.DAT,25,0,无油,4,150.04,random_forest,0.333510250472788,0,True
无油\rs485_20260622_134754.DAT,rs485_20260622_134754.DAT,26,0,无油,4,150.04,random_forest,0.45423425214644764,0,True
无油\rs485_20260622_134754.DAT,rs485_20260622_134754.DAT,27,0,无油,4,150.04,random_forest,0.19408098423829503,0,True
无油\rs485_20260622_134754.DAT,rs485_20260622_134754.DAT,28,0,无油,5,187.55,random_forest,0.2225389533022378,0,True
无油\rs485_20260622_134754.DAT,rs485_20260622_134754.DAT,29,0,无油,3,112.53,random_forest,0.43791826696148245,0,True
无油\rs485_20260622_134754.DAT,rs485_20260622_134754.DAT,30,0,无油,4,150.04,random_forest,0.23186465159698297,0,True
无油\rs485_20260622_134754.DAT,rs485_20260622_134754.DAT,31,0,无油,2,75.02,random_forest,0.31638155438113674,0,True
无油\rs485_20260622_134754.DAT,rs485_20260622_134754.DAT,32,0,无油,4,150.04,random_forest,0.3369460810835522,0,True
无油\rs485_20260622_134754.DAT,rs485_20260622_134754.DAT,33,0,无油,4,150.04,random_forest,0.18002924314684057,0,True
无油\rs485_20260622_134754.DAT,rs485_20260622_134754.DAT,34,0,无油,4,150.04,random_forest,0.1493514772633124,0,True
无油\rs485_20260622_134754.DAT,rs485_20260622_134754.DAT,35,0,无油,3,112.53,random_forest,0.28365005246047176,0,True
无油\rs485_20260622_134754.DAT,rs485_20260622_134754.DAT,36,0,无油,4,150.04,random_forest,0.4338637350984925,0,True
无油\rs485_20260622_134754.DAT,rs485_20260622_134754.DAT,37,0,无油,5,187.55,random_forest,0.20097723034405707,0,True
无油\rs485_20260622_134754.DAT,rs485_20260622_134754.DAT,38,0,无油,4,150.04,random_forest,0.2589152463379287,0,True
无油\rs485_20260622_134754.DAT,rs485_20260622_134754.DAT,39,0,无油,4,150.04,random_forest,0.2627373390519071,0,True
无油\rs485_20260622_134754.DAT,rs485_20260622_134754.DAT,40,0,无油,4,150.04,random_forest,0.22219326986279986,0,True
无油\rs485_20260622_134754.DAT,rs485_20260622_134754.DAT,41,0,无油,7,262.57,random_forest,0.20897588624249064,0,True
无油\rs485_20260622_134754.DAT,rs485_20260622_134754.DAT,42,0,无油,4,150.04,random_forest,0.5112838269116725,0,True
无油\rs485_20260622_134754.DAT,rs485_20260622_134754.DAT,43,0,无油,4,150.04,random_forest,0.16900857423815344,0,True
无油\rs485_20260622_134754.DAT,rs485_20260622_134754.DAT,44,0,无油,4,150.04,random_forest,0.5112651041034222,0,True
无油\rs485_20260622_134754.DAT,rs485_20260622_134754.DAT,45,0,无油,4,150.04,random_forest,0.2713319276658144,0,True
无油\rs485_20260622_134754.DAT,rs485_20260622_134754.DAT,46,0,无油,4,150.04,random_forest,0.4019028382149861,0,True
无油\rs485_20260622_134754.DAT,rs485_20260622_134754.DAT,47,0,无油,4,150.04,random_forest,0.5506556111395855,0,True
无油\rs485_20260622_134754.DAT,rs485_20260622_134754.DAT,48,0,无油,4,150.04,random_forest,0.2676069698056855,0,True
无油\rs485_20260622_134754.DAT,rs485_20260622_134754.DAT,49,0,无油,5,187.55,random_forest,0.3761140852370826,0,True
无油\rs485_20260622_134754.DAT,rs485_20260622_134754.DAT,50,0,无油,4,150.04,random_forest,0.4406190415293303,0,True
无油\rs485_20260622_134754.DAT,rs485_20260622_134754.DAT,51,0,无油,4,150.04,random_forest,0.35520743201353405,0,True
无油\rs485_20260622_134754.DAT,rs485_20260622_134754.DAT,52,0,无油,7,262.57,random_forest,0.4934914105798474,0,True
无油\rs485_20260622_134754.DAT,rs485_20260622_134754.DAT,53,0,无油,4,150.04,random_forest,0.5297328059583486,0,True
无油\rs485_20260622_134754.DAT,rs485_20260622_134754.DAT,54,0,无油,4,150.04,random_forest,0.36845572372198004,0,True
无油\rs485_20260622_134754.DAT,rs485_20260622_134754.DAT,55,0,无油,4,150.04,random_forest,0.49044934948949714,0,True
无油\rs485_20260622_134754.DAT,rs485_20260622_134754.DAT,56,0,无油,4,150.04,random_forest,0.3335556521926248,0,True
无油\rs485_20260622_134754.DAT,rs485_20260622_134754.DAT,57,0,无油,4,150.04,random_forest,0.5547839529807866,0,True
无油\rs485_20260622_134754.DAT,rs485_20260622_134754.DAT,58,0,无油,4,150.04,random_forest,0.38268772028130416,0,True
无油\rs485_20260622_134754.DAT,rs485_20260622_134754.DAT,59,0,无油,4,150.04,random_forest,0.48326361015767066,0,True
无油\rs485_20260622_134754.DAT,rs485_20260622_134754.DAT,60,0,无油,5,187.55,random_forest,0.3253816684194391,0,True
无油\rs485_20260622_134754.DAT,rs485_20260622_134754.DAT,61,0,无油,4,150.04,random_forest,0.4316989149522313,0,True
无油\rs485_20260622_134754.DAT,rs485_20260622_134754.DAT,62,0,无油,0,0.0,random_forest,0.1780012913302403,0,True
无油\rs485_20260622_134754.DAT,rs485_20260622_134754.DAT,63,0,无油,0,0.0,random_forest,0.1803223226088688,0,True
无油\rs485_20260622_134754.DAT,rs485_20260622_134754.DAT,64,0,无油,0,0.0,random_forest,0.17057891017010587,0,True
无油\rs485_20260622_134754.DAT,rs485_20260622_134754.DAT,65,0,无油,0,0.0,random_forest,0.17861272150565627,0,True
有油\rs485_20260622_134325.DAT,rs485_20260622_134325.DAT,0,1,有油,4,150.04,random_forest,0.6630889147525418,1,True
有油\rs485_20260622_134325.DAT,rs485_20260622_134325.DAT,1,1,有油,3,112.53,random_forest,0.8182978445945422,1,True
有油\rs485_20260622_134325.DAT,rs485_20260622_134325.DAT,2,1,有油,2,75.02,random_forest,0.20848247166741232,0,False
有油\rs485_20260622_134325.DAT,rs485_20260622_134325.DAT,3,1,有油,3,112.53,random_forest,0.43836241605356585,0,False
有油\rs485_20260622_134325.DAT,rs485_20260622_134325.DAT,4,1,有油,2,75.02,random_forest,0.13951217642847,0,False
有油\rs485_20260622_134325.DAT,rs485_20260622_134325.DAT,5,1,有油,2,75.02,random_forest,0.23652299621820774,0,False
有油\rs485_20260622_134325.DAT,rs485_20260622_134325.DAT,6,1,有油,2,75.02,random_forest,0.7822804687023448,1,True
有油\rs485_20260622_134325.DAT,rs485_20260622_134325.DAT,7,1,有油,2,75.02,random_forest,0.3303355860701395,0,False
有油\rs485_20260622_134325.DAT,rs485_20260622_134325.DAT,8,1,有油,4,150.04,random_forest,0.7337909624658707,1,True
有油\rs485_20260622_134325.DAT,rs485_20260622_134325.DAT,9,1,有油,4,150.04,random_forest,0.029159704778853695,0,False
有油\rs485_20260622_134325.DAT,rs485_20260622_134325.DAT,10,1,有油,4,150.04,random_forest,0.03819530900786834,0,False
有油\rs485_20260622_135317.DAT,rs485_20260622_135317.DAT,0,1,有油,3,112.53,random_forest,0.1884029502818564,0,False
有油\rs485_20260622_135317.DAT,rs485_20260622_135317.DAT,1,1,有油,2,75.02,random_forest,0.05192126192170966,0,False
有油\rs485_20260622_135317.DAT,rs485_20260622_135317.DAT,2,1,有油,3,112.53,random_forest,0.6498050668694912,1,True
有油\rs485_20260622_135317.DAT,rs485_20260622_135317.DAT,3,1,有油,3,112.53,random_forest,0.11059081096924016,0,False
有油\rs485_20260622_135317.DAT,rs485_20260622_135317.DAT,4,1,有油,3,112.53,random_forest,0.03588108849056292,0,False
有油\rs485_20260622_135317.DAT,rs485_20260622_135317.DAT,5,1,有油,3,112.53,random_forest,0.09409102684231249,0,False
有油\rs485_20260622_135317.DAT,rs485_20260622_135317.DAT,6,1,有油,4,150.04,random_forest,0.05346186512087914,0,False
有油\rs485_20260622_135317.DAT,rs485_20260622_135317.DAT,7,1,有油,4,150.04,random_forest,0.5546227601945374,0,False
有油\rs485_20260622_135317.DAT,rs485_20260622_135317.DAT,8,1,有油,3,112.53,random_forest,0.6543374654254125,1,True
有油\rs485_20260622_135317.DAT,rs485_20260622_135317.DAT,9,1,有油,3,112.53,random_forest,0.045095480280254126,0,False
有油\rs485_20260622_135317.DAT,rs485_20260622_135317.DAT,10,1,有油,3,112.53,random_forest,0.03616584708524322,0,False
有油\rs485_20260622_135317.DAT,rs485_20260622_135317.DAT,11,1,有油,3,112.53,random_forest,0.04251802343880178,0,False
有油\rs485_20260622_135317.DAT,rs485_20260622_135317.DAT,12,1,有油,4,150.04,random_forest,0.6477137497388932,1,True
有油\rs485_20260622_135317.DAT,rs485_20260622_135317.DAT,13,1,有油,4,150.04,random_forest,0.0060976956406022026,0,False
有油\rs485_20260622_135317.DAT,rs485_20260622_135317.DAT,14,1,有油,3,112.53,random_forest,0.03122274665155869,0,False
有油\rs485_20260622_135317.DAT,rs485_20260622_135317.DAT,15,1,有油,4,150.04,random_forest,0.4382718030107127,0,False
有油\rs485_20260622_135317.DAT,rs485_20260622_135317.DAT,16,1,有油,4,150.04,random_forest,0.07218999609024743,0,False
有油\rs485_20260622_135317.DAT,rs485_20260622_135317.DAT,17,1,有油,4,150.04,random_forest,0.01629070534651963,0,False
有油\rs485_20260622_135317.DAT,rs485_20260622_135317.DAT,18,1,有油,4,150.04,random_forest,0.025769968239704875,0,False
有油\rs485_20260622_135317.DAT,rs485_20260622_135317.DAT,19,1,有油,4,150.04,random_forest,0.06198879568999566,0,False
有油\rs485_20260622_135317.DAT,rs485_20260622_135317.DAT,20,1,有油,3,112.53,random_forest,0.6515438469195172,1,True
有油\rs485_20260622_135317.DAT,rs485_20260622_135317.DAT,21,1,有油,4,150.04,random_forest,0.610580114995952,1,True
有油\rs485_20260622_135317.DAT,rs485_20260622_135317.DAT,22,1,有油,5,187.55,random_forest,0.6011539032465814,1,True
有油\rs485_20260622_135317.DAT,rs485_20260622_135317.DAT,23,1,有油,7,262.57,random_forest,0.26401220309719536,0,False
有油\rs485_20260622_135317.DAT,rs485_20260622_135317.DAT,24,1,有油,4,150.04,random_forest,0.037462850579315025,0,False
有油\rs485_20260622_135317.DAT,rs485_20260622_135317.DAT,25,1,有油,2,75.02,random_forest,0.10060905745570646,0,False
有油\rs485_20260622_135317.DAT,rs485_20260622_135317.DAT,26,1,有油,4,150.04,random_forest,0.06217671491588362,0,False
有油\rs485_20260622_135317.DAT,rs485_20260622_135317.DAT,27,1,有油,4,150.04,random_forest,0.00367953216374269,0,False
有油\rs485_20260622_135317.DAT,rs485_20260622_135317.DAT,28,1,有油,4,150.04,random_forest,0.03010275691152786,0,False
有油\rs485_20260622_135317.DAT,rs485_20260622_135317.DAT,29,1,有油,7,262.57,random_forest,0.32581877078455856,0,False
有油\rs485_20260622_135317.DAT,rs485_20260622_135317.DAT,30,1,有油,5,187.55,random_forest,0.05111250806716501,0,False
有油\rs485_20260622_135317.DAT,rs485_20260622_135317.DAT,31,1,有油,7,262.57,random_forest,0.011852504190519983,0,False
有油\rs485_20260622_135317.DAT,rs485_20260622_135317.DAT,32,1,有油,3,112.53,random_forest,0.047193907387372204,0,False
有油\rs485_20260622_135317.DAT,rs485_20260622_135317.DAT,33,1,有油,3,112.53,random_forest,0.11809407259953446,0,False
有油\rs485_20260622_135317.DAT,rs485_20260622_135317.DAT,34,1,有油,4,150.04,random_forest,0.06660809368684012,0,False
有油\rs485_20260622_135317.DAT,rs485_20260622_135317.DAT,35,1,有油,4,150.04,random_forest,0.18849326664424154,0,False
无油\rs485_20260622_134125.DAT,rs485_20260622_134125.DAT,0,0,无油,6,225.06,extra_trees,0.12795846334178376,0,True
无油\rs485_20260622_134125.DAT,rs485_20260622_134125.DAT,1,0,无油,6,225.06,extra_trees,0.13917105278846426,0,True
无油\rs485_20260622_134125.DAT,rs485_20260622_134125.DAT,2,0,无油,5,187.55,extra_trees,0.1546626572085425,0,True
无油\rs485_20260622_134125.DAT,rs485_20260622_134125.DAT,3,0,无油,4,150.04,extra_trees,0.2807629677268682,0,True
无油\rs485_20260622_134125.DAT,rs485_20260622_134125.DAT,4,0,无油,4,150.04,extra_trees,0.39033628614800764,0,True
无油\rs485_20260622_134125.DAT,rs485_20260622_134125.DAT,5,0,无油,4,150.04,extra_trees,0.11134659331466605,0,True
无油\rs485_20260622_134125.DAT,rs485_20260622_134125.DAT,6,0,无油,4,150.04,extra_trees,0.5084163313543398,0,True
无油\rs485_20260622_134125.DAT,rs485_20260622_134125.DAT,7,0,无油,4,150.04,extra_trees,0.2556136144153779,0,True
无油\rs485_20260622_134125.DAT,rs485_20260622_134125.DAT,8,0,无油,8,300.09,extra_trees,0.3214632222213742,0,True
无油\rs485_20260622_134125.DAT,rs485_20260622_134125.DAT,9,0,无油,8,300.09,extra_trees,0.22025889357054074,0,True
无油\rs485_20260622_134125.DAT,rs485_20260622_134125.DAT,10,0,无油,3,112.53,extra_trees,0.5391679675228669,0,True
无油\rs485_20260622_134125.DAT,rs485_20260622_134125.DAT,11,0,无油,4,150.04,extra_trees,0.288281352090515,0,True
无油\rs485_20260622_134125.DAT,rs485_20260622_134125.DAT,12,0,无油,4,150.04,extra_trees,0.3787011939696724,0,True
无油\rs485_20260622_134125.DAT,rs485_20260622_134125.DAT,13,0,无油,2,75.02,extra_trees,0.5152848966223693,0,True
无油\rs485_20260622_134125.DAT,rs485_20260622_134125.DAT,14,0,无油,3,112.53,extra_trees,0.24639880151470372,0,True
无油\rs485_20260622_134125.DAT,rs485_20260622_134125.DAT,15,0,无油,4,150.04,extra_trees,0.17500612242208397,0,True
无油\rs485_20260622_134125.DAT,rs485_20260622_134125.DAT,16,0,无油,3,112.53,extra_trees,0.1686945594395284,0,True
无油\rs485_20260622_134125.DAT,rs485_20260622_134125.DAT,17,0,无油,4,150.04,extra_trees,0.37523117254780614,0,True
无油\rs485_20260622_134125.DAT,rs485_20260622_134125.DAT,18,0,无油,4,150.04,extra_trees,0.17569336568167668,0,True
无油\rs485_20260622_134125.DAT,rs485_20260622_134125.DAT,19,0,无油,4,150.04,extra_trees,0.4813586346694956,0,True
无油\rs485_20260622_134125.DAT,rs485_20260622_134125.DAT,20,0,无油,3,112.53,extra_trees,0.4364090073050935,0,True
无油\rs485_20260622_134125.DAT,rs485_20260622_134125.DAT,21,0,无油,4,150.04,extra_trees,0.37955431238601145,0,True
无油\rs485_20260622_134125.DAT,rs485_20260622_134125.DAT,22,0,无油,2,75.02,extra_trees,0.6921449237610298,1,False
无油\rs485_20260622_134125.DAT,rs485_20260622_134125.DAT,23,0,无油,4,150.04,extra_trees,0.21718042703793336,0,True
无油\rs485_20260622_134125.DAT,rs485_20260622_134125.DAT,24,0,无油,5,187.55,extra_trees,0.3530407755302619,0,True
无油\rs485_20260622_134125.DAT,rs485_20260622_134125.DAT,25,0,无油,4,150.04,extra_trees,0.34299673826311855,0,True
无油\rs485_20260622_134125.DAT,rs485_20260622_134125.DAT,26,0,无油,4,150.04,extra_trees,0.38112970399240564,0,True
无油\rs485_20260622_134125.DAT,rs485_20260622_134125.DAT,27,0,无油,4,150.04,extra_trees,0.3387160458519498,0,True
无油\rs485_20260622_134125.DAT,rs485_20260622_134125.DAT,28,0,无油,4,150.04,extra_trees,0.3121272650374873,0,True
无油\rs485_20260622_134125.DAT,rs485_20260622_134125.DAT,29,0,无油,4,150.04,extra_trees,0.3901094236005532,0,True
无油\rs485_20260622_134125.DAT,rs485_20260622_134125.DAT,30,0,无油,2,75.02,extra_trees,0.49313508702618264,0,True
无油\rs485_20260622_134125.DAT,rs485_20260622_134125.DAT,31,0,无油,4,150.04,extra_trees,0.5034789036422354,0,True
无油\rs485_20260622_134325.DAT,rs485_20260622_134325.DAT,0,0,无油,4,150.04,extra_trees,0.5032013724330406,0,True
无油\rs485_20260622_134325.DAT,rs485_20260622_134325.DAT,1,0,无油,5,187.55,extra_trees,0.34531338730536754,0,True
无油\rs485_20260622_134325.DAT,rs485_20260622_134325.DAT,2,0,无油,3,112.53,extra_trees,0.42458624657424016,0,True
无油\rs485_20260622_134325.DAT,rs485_20260622_134325.DAT,3,0,无油,4,150.04,extra_trees,0.4217334140264791,0,True
无油\rs485_20260622_134325.DAT,rs485_20260622_134325.DAT,4,0,无油,4,150.04,extra_trees,0.48106472195713507,0,True
无油\rs485_20260622_134325.DAT,rs485_20260622_134325.DAT,5,0,无油,5,187.55,extra_trees,0.45470383545452076,0,True
无油\rs485_20260622_134325.DAT,rs485_20260622_134325.DAT,6,0,无油,4,150.04,extra_trees,0.345054066958493,0,True
无油\rs485_20260622_134325.DAT,rs485_20260622_134325.DAT,7,0,无油,4,150.04,extra_trees,0.29658450759188265,0,True
无油\rs485_20260622_134325.DAT,rs485_20260622_134325.DAT,8,0,无油,4,150.04,extra_trees,0.3880265980775175,0,True
无油\rs485_20260622_134325.DAT,rs485_20260622_134325.DAT,9,0,无油,4,150.04,extra_trees,0.3124009025364057,0,True
无油\rs485_20260622_134325.DAT,rs485_20260622_134325.DAT,10,0,无油,3,112.53,extra_trees,0.2826393121388287,0,True
无油\rs485_20260622_134325.DAT,rs485_20260622_134325.DAT,11,0,无油,3,112.53,extra_trees,0.24652604767615746,0,True
无油\rs485_20260622_134325.DAT,rs485_20260622_134325.DAT,12,0,无油,2,75.02,extra_trees,0.5617140372430277,0,True
无油\rs485_20260622_134325.DAT,rs485_20260622_134325.DAT,13,0,无油,4,150.04,extra_trees,0.40323102179470366,0,True
无油\rs485_20260622_134325.DAT,rs485_20260622_134325.DAT,14,0,无油,2,75.02,extra_trees,0.49138147064376075,0,True
无油\rs485_20260622_134325.DAT,rs485_20260622_134325.DAT,15,0,无油,4,150.04,extra_trees,0.4691327988251233,0,True
无油\rs485_20260622_134325.DAT,rs485_20260622_134325.DAT,16,0,无油,4,150.04,extra_trees,0.48300003829038457,0,True
无油\rs485_20260622_134325.DAT,rs485_20260622_134325.DAT,17,0,无油,4,150.04,extra_trees,0.6855385324275554,1,False
无油\rs485_20260622_134325.DAT,rs485_20260622_134325.DAT,18,0,无油,4,150.04,extra_trees,0.7228311505889569,1,False
无油\rs485_20260622_134325.DAT,rs485_20260622_134325.DAT,19,0,无油,4,150.04,extra_trees,0.4273272669595598,0,True
无油\rs485_20260622_134325.DAT,rs485_20260622_134325.DAT,20,0,无油,4,150.04,extra_trees,0.4744074656589824,0,True
无油\rs485_20260622_134325.DAT,rs485_20260622_134325.DAT,21,0,无油,4,150.04,extra_trees,0.5487515324230434,0,True
无油\rs485_20260622_134325.DAT,rs485_20260622_134325.DAT,22,0,无油,5,187.55,extra_trees,0.802585647731771,1,False
无油\rs485_20260622_134325.DAT,rs485_20260622_134325.DAT,23,0,无油,7,262.57,extra_trees,0.43722743603760383,0,True
无油\rs485_20260622_134325.DAT,rs485_20260622_134325.DAT,24,0,无油,4,150.04,extra_trees,0.46179432695453015,0,True
无油\rs485_20260622_134325.DAT,rs485_20260622_134325.DAT,25,0,无油,4,150.04,extra_trees,0.4227427805585488,0,True
无油\rs485_20260622_134745.DAT,rs485_20260622_134745.DAT,0,0,无油,4,150.04,extra_trees,0.08518005341844358,0,True
无油\rs485_20260622_134745.DAT,rs485_20260622_134745.DAT,1,0,无油,4,150.04,extra_trees,0.07520700707511274,0,True
无油\rs485_20260622_134754.DAT,rs485_20260622_134754.DAT,0,0,无油,4,150.04,extra_trees,0.22146249572584975,0,True
无油\rs485_20260622_134754.DAT,rs485_20260622_134754.DAT,1,0,无油,4,150.04,extra_trees,0.25123235987419124,0,True
无油\rs485_20260622_134754.DAT,rs485_20260622_134754.DAT,2,0,无油,4,150.04,extra_trees,0.6013154773462367,0,True
无油\rs485_20260622_134754.DAT,rs485_20260622_134754.DAT,3,0,无油,4,150.04,extra_trees,0.4869002036178883,0,True
无油\rs485_20260622_134754.DAT,rs485_20260622_134754.DAT,4,0,无油,4,150.04,extra_trees,0.5473052604222919,0,True
无油\rs485_20260622_134754.DAT,rs485_20260622_134754.DAT,5,0,无油,4,150.04,extra_trees,0.34956004166468674,0,True
无油\rs485_20260622_134754.DAT,rs485_20260622_134754.DAT,6,0,无油,4,150.04,extra_trees,0.25598136035078145,0,True
无油\rs485_20260622_134754.DAT,rs485_20260622_134754.DAT,7,0,无油,8,300.09,extra_trees,0.5789692733858502,0,True
无油\rs485_20260622_134754.DAT,rs485_20260622_134754.DAT,8,0,无油,3,112.53,extra_trees,0.5138652483213639,0,True
无油\rs485_20260622_134754.DAT,rs485_20260622_134754.DAT,9,0,无油,4,150.04,extra_trees,0.4313286956826463,0,True
无油\rs485_20260622_134754.DAT,rs485_20260622_134754.DAT,10,0,无油,4,150.04,extra_trees,0.2817583980388694,0,True
无油\rs485_20260622_134754.DAT,rs485_20260622_134754.DAT,11,0,无油,4,150.04,extra_trees,0.25897351539844105,0,True
无油\rs485_20260622_134754.DAT,rs485_20260622_134754.DAT,12,0,无油,4,150.04,extra_trees,0.4231888655739205,0,True
无油\rs485_20260622_134754.DAT,rs485_20260622_134754.DAT,13,0,无油,4,150.04,extra_trees,0.37089255532786175,0,True
无油\rs485_20260622_134754.DAT,rs485_20260622_134754.DAT,14,0,无油,4,150.04,extra_trees,0.5007648956296654,0,True
无油\rs485_20260622_134754.DAT,rs485_20260622_134754.DAT,15,0,无油,4,150.04,extra_trees,0.4302890487513988,0,True
无油\rs485_20260622_134754.DAT,rs485_20260622_134754.DAT,16,0,无油,4,150.04,extra_trees,0.4696396329312279,0,True
无油\rs485_20260622_134754.DAT,rs485_20260622_134754.DAT,17,0,无油,4,150.04,extra_trees,0.623888328976926,0,True
无油\rs485_20260622_134754.DAT,rs485_20260622_134754.DAT,18,0,无油,5,187.55,extra_trees,0.49818760696534076,0,True
无油\rs485_20260622_134754.DAT,rs485_20260622_134754.DAT,19,0,无油,7,262.57,extra_trees,0.7159377659438323,1,False
无油\rs485_20260622_134754.DAT,rs485_20260622_134754.DAT,20,0,无油,7,262.57,extra_trees,0.4596655661378263,0,True
无油\rs485_20260622_134754.DAT,rs485_20260622_134754.DAT,21,0,无油,2,75.02,extra_trees,0.590059678753811,0,True
无油\rs485_20260622_134754.DAT,rs485_20260622_134754.DAT,22,0,无油,4,150.04,extra_trees,0.228413974403794,0,True
无油\rs485_20260622_134754.DAT,rs485_20260622_134754.DAT,23,0,无油,5,187.55,extra_trees,0.49254647909252386,0,True
无油\rs485_20260622_134754.DAT,rs485_20260622_134754.DAT,24,0,无油,4,150.04,extra_trees,0.6082924908559518,0,True
无油\rs485_20260622_134754.DAT,rs485_20260622_134754.DAT,25,0,无油,4,150.04,extra_trees,0.41109307352235147,0,True
无油\rs485_20260622_134754.DAT,rs485_20260622_134754.DAT,26,0,无油,4,150.04,extra_trees,0.5142406366729814,0,True
无油\rs485_20260622_134754.DAT,rs485_20260622_134754.DAT,27,0,无油,4,150.04,extra_trees,0.24474264334063456,0,True
无油\rs485_20260622_134754.DAT,rs485_20260622_134754.DAT,28,0,无油,5,187.55,extra_trees,0.23651022328943483,0,True
无油\rs485_20260622_134754.DAT,rs485_20260622_134754.DAT,29,0,无油,3,112.53,extra_trees,0.4285565906106237,0,True
无油\rs485_20260622_134754.DAT,rs485_20260622_134754.DAT,30,0,无油,4,150.04,extra_trees,0.34609820397362745,0,True
无油\rs485_20260622_134754.DAT,rs485_20260622_134754.DAT,31,0,无油,2,75.02,extra_trees,0.34123302330711036,0,True
无油\rs485_20260622_134754.DAT,rs485_20260622_134754.DAT,32,0,无油,4,150.04,extra_trees,0.3885673618371689,0,True
无油\rs485_20260622_134754.DAT,rs485_20260622_134754.DAT,33,0,无油,4,150.04,extra_trees,0.17685226356097,0,True
无油\rs485_20260622_134754.DAT,rs485_20260622_134754.DAT,34,0,无油,4,150.04,extra_trees,0.15899487296304293,0,True
无油\rs485_20260622_134754.DAT,rs485_20260622_134754.DAT,35,0,无油,3,112.53,extra_trees,0.3115624488482477,0,True
无油\rs485_20260622_134754.DAT,rs485_20260622_134754.DAT,36,0,无油,4,150.04,extra_trees,0.45955427548894706,0,True
无油\rs485_20260622_134754.DAT,rs485_20260622_134754.DAT,37,0,无油,5,187.55,extra_trees,0.237931299558328,0,True
无油\rs485_20260622_134754.DAT,rs485_20260622_134754.DAT,38,0,无油,4,150.04,extra_trees,0.3344629052289918,0,True
无油\rs485_20260622_134754.DAT,rs485_20260622_134754.DAT,39,0,无油,4,150.04,extra_trees,0.37583104122496247,0,True
无油\rs485_20260622_134754.DAT,rs485_20260622_134754.DAT,40,0,无油,4,150.04,extra_trees,0.339542865783384,0,True
无油\rs485_20260622_134754.DAT,rs485_20260622_134754.DAT,41,0,无油,7,262.57,extra_trees,0.2564547993891825,0,True
无油\rs485_20260622_134754.DAT,rs485_20260622_134754.DAT,42,0,无油,4,150.04,extra_trees,0.47306760570737283,0,True
无油\rs485_20260622_134754.DAT,rs485_20260622_134754.DAT,43,0,无油,4,150.04,extra_trees,0.20155302897699875,0,True
无油\rs485_20260622_134754.DAT,rs485_20260622_134754.DAT,44,0,无油,4,150.04,extra_trees,0.5695771425492656,0,True
无油\rs485_20260622_134754.DAT,rs485_20260622_134754.DAT,45,0,无油,4,150.04,extra_trees,0.4260327560175319,0,True
无油\rs485_20260622_134754.DAT,rs485_20260622_134754.DAT,46,0,无油,4,150.04,extra_trees,0.49653480991620796,0,True
无油\rs485_20260622_134754.DAT,rs485_20260622_134754.DAT,47,0,无油,4,150.04,extra_trees,0.5492503083478169,0,True
无油\rs485_20260622_134754.DAT,rs485_20260622_134754.DAT,48,0,无油,4,150.04,extra_trees,0.35935767558566917,0,True
无油\rs485_20260622_134754.DAT,rs485_20260622_134754.DAT,49,0,无油,5,187.55,extra_trees,0.47518044655734465,0,True
无油\rs485_20260622_134754.DAT,rs485_20260622_134754.DAT,50,0,无油,4,150.04,extra_trees,0.4835632429510522,0,True
无油\rs485_20260622_134754.DAT,rs485_20260622_134754.DAT,51,0,无油,4,150.04,extra_trees,0.5074892067876093,0,True
无油\rs485_20260622_134754.DAT,rs485_20260622_134754.DAT,52,0,无油,7,262.57,extra_trees,0.5092404643688757,0,True
无油\rs485_20260622_134754.DAT,rs485_20260622_134754.DAT,53,0,无油,4,150.04,extra_trees,0.5762900654236364,0,True
无油\rs485_20260622_134754.DAT,rs485_20260622_134754.DAT,54,0,无油,4,150.04,extra_trees,0.4329262603269243,0,True
无油\rs485_20260622_134754.DAT,rs485_20260622_134754.DAT,55,0,无油,4,150.04,extra_trees,0.4784582000684294,0,True
无油\rs485_20260622_134754.DAT,rs485_20260622_134754.DAT,56,0,无油,4,150.04,extra_trees,0.36895320218295324,0,True
无油\rs485_20260622_134754.DAT,rs485_20260622_134754.DAT,57,0,无油,4,150.04,extra_trees,0.5679508847526872,0,True
无油\rs485_20260622_134754.DAT,rs485_20260622_134754.DAT,58,0,无油,4,150.04,extra_trees,0.42527297838290423,0,True
无油\rs485_20260622_134754.DAT,rs485_20260622_134754.DAT,59,0,无油,4,150.04,extra_trees,0.5097734488926532,0,True
无油\rs485_20260622_134754.DAT,rs485_20260622_134754.DAT,60,0,无油,5,187.55,extra_trees,0.42319865410004665,0,True
无油\rs485_20260622_134754.DAT,rs485_20260622_134754.DAT,61,0,无油,4,150.04,extra_trees,0.47676507876599444,0,True
无油\rs485_20260622_134754.DAT,rs485_20260622_134754.DAT,62,0,无油,0,0.0,extra_trees,0.18236933638278827,0,True
无油\rs485_20260622_134754.DAT,rs485_20260622_134754.DAT,63,0,无油,0,0.0,extra_trees,0.1876161525397257,0,True
无油\rs485_20260622_134754.DAT,rs485_20260622_134754.DAT,64,0,无油,0,0.0,extra_trees,0.1722056162988537,0,True
无油\rs485_20260622_134754.DAT,rs485_20260622_134754.DAT,65,0,无油,0,0.0,extra_trees,0.1770622355828262,0,True
有油\rs485_20260622_134325.DAT,rs485_20260622_134325.DAT,0,1,有油,4,150.04,extra_trees,0.7833505961478637,1,True
有油\rs485_20260622_134325.DAT,rs485_20260622_134325.DAT,1,1,有油,3,112.53,extra_trees,0.8085259656943247,1,True
有油\rs485_20260622_134325.DAT,rs485_20260622_134325.DAT,2,1,有油,2,75.02,extra_trees,0.2562214549375232,0,False
有油\rs485_20260622_134325.DAT,rs485_20260622_134325.DAT,3,1,有油,3,112.53,extra_trees,0.443851945196801,0,False
有油\rs485_20260622_134325.DAT,rs485_20260622_134325.DAT,4,1,有油,2,75.02,extra_trees,0.21793962986859317,0,False
有油\rs485_20260622_134325.DAT,rs485_20260622_134325.DAT,5,1,有油,2,75.02,extra_trees,0.3009576502164288,0,False
有油\rs485_20260622_134325.DAT,rs485_20260622_134325.DAT,6,1,有油,2,75.02,extra_trees,0.7032716526810855,1,True
有油\rs485_20260622_134325.DAT,rs485_20260622_134325.DAT,7,1,有油,2,75.02,extra_trees,0.4332645692005192,0,False
有油\rs485_20260622_134325.DAT,rs485_20260622_134325.DAT,8,1,有油,4,150.04,extra_trees,0.7421900393262963,1,True
有油\rs485_20260622_134325.DAT,rs485_20260622_134325.DAT,9,1,有油,4,150.04,extra_trees,0.1509345760148091,0,False
有油\rs485_20260622_134325.DAT,rs485_20260622_134325.DAT,10,1,有油,4,150.04,extra_trees,0.0911056582010101,0,False
有油\rs485_20260622_135317.DAT,rs485_20260622_135317.DAT,0,1,有油,3,112.53,extra_trees,0.34335918801966975,0,False
有油\rs485_20260622_135317.DAT,rs485_20260622_135317.DAT,1,1,有油,2,75.02,extra_trees,0.16642899868881067,0,False
有油\rs485_20260622_135317.DAT,rs485_20260622_135317.DAT,2,1,有油,3,112.53,extra_trees,0.6688783532843956,1,True
有油\rs485_20260622_135317.DAT,rs485_20260622_135317.DAT,3,1,有油,3,112.53,extra_trees,0.11687964243867956,0,False
有油\rs485_20260622_135317.DAT,rs485_20260622_135317.DAT,4,1,有油,3,112.53,extra_trees,0.07483576070874731,0,False
有油\rs485_20260622_135317.DAT,rs485_20260622_135317.DAT,5,1,有油,3,112.53,extra_trees,0.16933700586207145,0,False
有油\rs485_20260622_135317.DAT,rs485_20260622_135317.DAT,6,1,有油,4,150.04,extra_trees,0.0716647275324373,0,False
有油\rs485_20260622_135317.DAT,rs485_20260622_135317.DAT,7,1,有油,4,150.04,extra_trees,0.5352071583317535,0,False
有油\rs485_20260622_135317.DAT,rs485_20260622_135317.DAT,8,1,有油,3,112.53,extra_trees,0.7303494639408313,1,True
有油\rs485_20260622_135317.DAT,rs485_20260622_135317.DAT,9,1,有油,3,112.53,extra_trees,0.096907861211602,0,False
有油\rs485_20260622_135317.DAT,rs485_20260622_135317.DAT,10,1,有油,3,112.53,extra_trees,0.0381684945875143,0,False
有油\rs485_20260622_135317.DAT,rs485_20260622_135317.DAT,11,1,有油,3,112.53,extra_trees,0.03858179933472945,0,False
有油\rs485_20260622_135317.DAT,rs485_20260622_135317.DAT,12,1,有油,4,150.04,extra_trees,0.7518589580019532,1,True
有油\rs485_20260622_135317.DAT,rs485_20260622_135317.DAT,13,1,有油,4,150.04,extra_trees,0.03341752266083666,0,False
有油\rs485_20260622_135317.DAT,rs485_20260622_135317.DAT,14,1,有油,3,112.53,extra_trees,0.03564329051773721,0,False
有油\rs485_20260622_135317.DAT,rs485_20260622_135317.DAT,15,1,有油,4,150.04,extra_trees,0.6400146739034719,1,True
有油\rs485_20260622_135317.DAT,rs485_20260622_135317.DAT,16,1,有油,4,150.04,extra_trees,0.10122512019109399,0,False
有油\rs485_20260622_135317.DAT,rs485_20260622_135317.DAT,17,1,有油,4,150.04,extra_trees,0.019984267256066137,0,False
有油\rs485_20260622_135317.DAT,rs485_20260622_135317.DAT,18,1,有油,4,150.04,extra_trees,0.00957584598517804,0,False
有油\rs485_20260622_135317.DAT,rs485_20260622_135317.DAT,19,1,有油,4,150.04,extra_trees,0.09552867695075656,0,False
有油\rs485_20260622_135317.DAT,rs485_20260622_135317.DAT,20,1,有油,3,112.53,extra_trees,0.692822417926824,1,True
有油\rs485_20260622_135317.DAT,rs485_20260622_135317.DAT,21,1,有油,4,150.04,extra_trees,0.6710549994655202,1,True
有油\rs485_20260622_135317.DAT,rs485_20260622_135317.DAT,22,1,有油,5,187.55,extra_trees,0.6648114009482461,1,True
有油\rs485_20260622_135317.DAT,rs485_20260622_135317.DAT,23,1,有油,7,262.57,extra_trees,0.37345010397523737,0,False
有油\rs485_20260622_135317.DAT,rs485_20260622_135317.DAT,24,1,有油,4,150.04,extra_trees,0.07290874696679167,0,False
有油\rs485_20260622_135317.DAT,rs485_20260622_135317.DAT,25,1,有油,2,75.02,extra_trees,0.11382862885081846,0,False
有油\rs485_20260622_135317.DAT,rs485_20260622_135317.DAT,26,1,有油,4,150.04,extra_trees,0.13377923815770315,0,False
有油\rs485_20260622_135317.DAT,rs485_20260622_135317.DAT,27,1,有油,4,150.04,extra_trees,0.008107029459624375,0,False
有油\rs485_20260622_135317.DAT,rs485_20260622_135317.DAT,28,1,有油,4,150.04,extra_trees,0.03107139556322453,0,False
有油\rs485_20260622_135317.DAT,rs485_20260622_135317.DAT,29,1,有油,7,262.57,extra_trees,0.3796876766176676,0,False
有油\rs485_20260622_135317.DAT,rs485_20260622_135317.DAT,30,1,有油,5,187.55,extra_trees,0.1211710350548507,0,False
有油\rs485_20260622_135317.DAT,rs485_20260622_135317.DAT,31,1,有油,7,262.57,extra_trees,0.03925512720161509,0,False
有油\rs485_20260622_135317.DAT,rs485_20260622_135317.DAT,32,1,有油,3,112.53,extra_trees,0.10350794347731686,0,False
有油\rs485_20260622_135317.DAT,rs485_20260622_135317.DAT,33,1,有油,3,112.53,extra_trees,0.25608778200222365,0,False
有油\rs485_20260622_135317.DAT,rs485_20260622_135317.DAT,34,1,有油,4,150.04,extra_trees,0.09822925139608313,0,False
有油\rs485_20260622_135317.DAT,rs485_20260622_135317.DAT,35,1,有油,4,150.04,extra_trees,0.18127196137332802,0,False
无油\rs485_20260622_134125.DAT,rs485_20260622_134125.DAT,0,0,无油,6,225.06,hist_gradient_boosting,0.004711027167837206,0,True
无油\rs485_20260622_134125.DAT,rs485_20260622_134125.DAT,1,0,无油,6,225.06,hist_gradient_boosting,0.004711027167837206,0,True
无油\rs485_20260622_134125.DAT,rs485_20260622_134125.DAT,2,0,无油,5,187.55,hist_gradient_boosting,0.0031592051105711573,0,True
无油\rs485_20260622_134125.DAT,rs485_20260622_134125.DAT,3,0,无油,4,150.04,hist_gradient_boosting,0.0035416384144907925,0,True
无油\rs485_20260622_134125.DAT,rs485_20260622_134125.DAT,4,0,无油,4,150.04,hist_gradient_boosting,0.005539020228412528,0,True
无油\rs485_20260622_134125.DAT,rs485_20260622_134125.DAT,5,0,无油,4,150.04,hist_gradient_boosting,0.00028576655347055255,0,True
无油\rs485_20260622_134125.DAT,rs485_20260622_134125.DAT,6,0,无油,4,150.04,hist_gradient_boosting,0.5791848964645739,0,True
无油\rs485_20260622_134125.DAT,rs485_20260622_134125.DAT,7,0,无油,4,150.04,hist_gradient_boosting,0.0031167519948080923,0,True
无油\rs485_20260622_134125.DAT,rs485_20260622_134125.DAT,8,0,无油,8,300.09,hist_gradient_boosting,0.009857919566630558,0,True
无油\rs485_20260622_134125.DAT,rs485_20260622_134125.DAT,9,0,无油,8,300.09,hist_gradient_boosting,0.016685331646240822,0,True
无油\rs485_20260622_134125.DAT,rs485_20260622_134125.DAT,10,0,无油,3,112.53,hist_gradient_boosting,0.8872382876578017,0,True
无油\rs485_20260622_134125.DAT,rs485_20260622_134125.DAT,11,0,无油,4,150.04,hist_gradient_boosting,0.036949078312713636,0,True
无油\rs485_20260622_134125.DAT,rs485_20260622_134125.DAT,12,0,无油,4,150.04,hist_gradient_boosting,0.018033773794832147,0,True
无油\rs485_20260622_134125.DAT,rs485_20260622_134125.DAT,13,0,无油,2,75.02,hist_gradient_boosting,0.033054657687453776,0,True
无油\rs485_20260622_134125.DAT,rs485_20260622_134125.DAT,14,0,无油,3,112.53,hist_gradient_boosting,0.025737433271058315,0,True
无油\rs485_20260622_134125.DAT,rs485_20260622_134125.DAT,15,0,无油,4,150.04,hist_gradient_boosting,0.011462767548639612,0,True
无油\rs485_20260622_134125.DAT,rs485_20260622_134125.DAT,16,0,无油,3,112.53,hist_gradient_boosting,0.01755427009328749,0,True
无油\rs485_20260622_134125.DAT,rs485_20260622_134125.DAT,17,0,无油,4,150.04,hist_gradient_boosting,0.003242633346974324,0,True
无油\rs485_20260622_134125.DAT,rs485_20260622_134125.DAT,18,0,无油,4,150.04,hist_gradient_boosting,0.023540305898008533,0,True
无油\rs485_20260622_134125.DAT,rs485_20260622_134125.DAT,19,0,无油,4,150.04,hist_gradient_boosting,0.5105878772664125,0,True
无油\rs485_20260622_134125.DAT,rs485_20260622_134125.DAT,20,0,无油,3,112.53,hist_gradient_boosting,0.24157548007332408,0,True
无油\rs485_20260622_134125.DAT,rs485_20260622_134125.DAT,21,0,无油,4,150.04,hist_gradient_boosting,0.01486301593374787,0,True
无油\rs485_20260622_134125.DAT,rs485_20260622_134125.DAT,22,0,无油,2,75.02,hist_gradient_boosting,0.9846471540235271,1,False
无油\rs485_20260622_134125.DAT,rs485_20260622_134125.DAT,23,0,无油,4,150.04,hist_gradient_boosting,0.007262232625662417,0,True
无油\rs485_20260622_134125.DAT,rs485_20260622_134125.DAT,24,0,无油,5,187.55,hist_gradient_boosting,0.0009905431907907092,0,True
无油\rs485_20260622_134125.DAT,rs485_20260622_134125.DAT,25,0,无油,4,150.04,hist_gradient_boosting,0.0012926742318177154,0,True
无油\rs485_20260622_134125.DAT,rs485_20260622_134125.DAT,26,0,无油,4,150.04,hist_gradient_boosting,0.0016014895143827024,0,True
无油\rs485_20260622_134125.DAT,rs485_20260622_134125.DAT,27,0,无油,4,150.04,hist_gradient_boosting,0.0026780374147451947,0,True
无油\rs485_20260622_134125.DAT,rs485_20260622_134125.DAT,28,0,无油,4,150.04,hist_gradient_boosting,0.012701806276406411,0,True
无油\rs485_20260622_134125.DAT,rs485_20260622_134125.DAT,29,0,无油,4,150.04,hist_gradient_boosting,0.03916052990821917,0,True
无油\rs485_20260622_134125.DAT,rs485_20260622_134125.DAT,30,0,无油,2,75.02,hist_gradient_boosting,0.7061393862776583,0,True
无油\rs485_20260622_134125.DAT,rs485_20260622_134125.DAT,31,0,无油,4,150.04,hist_gradient_boosting,0.26807057312832855,0,True
无油\rs485_20260622_134325.DAT,rs485_20260622_134325.DAT,0,0,无油,4,150.04,hist_gradient_boosting,0.6043950332132006,0,True
无油\rs485_20260622_134325.DAT,rs485_20260622_134325.DAT,1,0,无油,5,187.55,hist_gradient_boosting,0.0015162255899817195,0,True
无油\rs485_20260622_134325.DAT,rs485_20260622_134325.DAT,2,0,无油,3,112.53,hist_gradient_boosting,0.001092984771867963,0,True
无油\rs485_20260622_134325.DAT,rs485_20260622_134325.DAT,3,0,无油,4,150.04,hist_gradient_boosting,0.009448398197148282,0,True
无油\rs485_20260622_134325.DAT,rs485_20260622_134325.DAT,4,0,无油,4,150.04,hist_gradient_boosting,0.08243169911825918,0,True
无油\rs485_20260622_134325.DAT,rs485_20260622_134325.DAT,5,0,无油,5,187.55,hist_gradient_boosting,0.002604638793680583,0,True
无油\rs485_20260622_134325.DAT,rs485_20260622_134325.DAT,6,0,无油,4,150.04,hist_gradient_boosting,0.03926399290407544,0,True
无油\rs485_20260622_134325.DAT,rs485_20260622_134325.DAT,7,0,无油,4,150.04,hist_gradient_boosting,0.04691832359257182,0,True
无油\rs485_20260622_134325.DAT,rs485_20260622_134325.DAT,8,0,无油,4,150.04,hist_gradient_boosting,0.6832355556152524,0,True
无油\rs485_20260622_134325.DAT,rs485_20260622_134325.DAT,9,0,无油,4,150.04,hist_gradient_boosting,0.0031206034482269174,0,True
无油\rs485_20260622_134325.DAT,rs485_20260622_134325.DAT,10,0,无油,3,112.53,hist_gradient_boosting,0.05732943666990671,0,True
无油\rs485_20260622_134325.DAT,rs485_20260622_134325.DAT,11,0,无油,3,112.53,hist_gradient_boosting,0.00030375003456095255,0,True
无油\rs485_20260622_134325.DAT,rs485_20260622_134325.DAT,12,0,无油,2,75.02,hist_gradient_boosting,0.5781946438037453,0,True
无油\rs485_20260622_134325.DAT,rs485_20260622_134325.DAT,13,0,无油,4,150.04,hist_gradient_boosting,0.0011101164388558034,0,True
无油\rs485_20260622_134325.DAT,rs485_20260622_134325.DAT,14,0,无油,2,75.02,hist_gradient_boosting,0.8342293369222294,0,True
无油\rs485_20260622_134325.DAT,rs485_20260622_134325.DAT,15,0,无油,4,150.04,hist_gradient_boosting,0.8010852171957725,0,True
无油\rs485_20260622_134325.DAT,rs485_20260622_134325.DAT,16,0,无油,4,150.04,hist_gradient_boosting,0.25986466789827406,0,True
无油\rs485_20260622_134325.DAT,rs485_20260622_134325.DAT,17,0,无油,4,150.04,hist_gradient_boosting,0.8966585054336234,0,True
无油\rs485_20260622_134325.DAT,rs485_20260622_134325.DAT,18,0,无油,4,150.04,hist_gradient_boosting,0.8892514766251866,0,True
无油\rs485_20260622_134325.DAT,rs485_20260622_134325.DAT,19,0,无油,4,150.04,hist_gradient_boosting,0.008797624920466807,0,True
无油\rs485_20260622_134325.DAT,rs485_20260622_134325.DAT,20,0,无油,4,150.04,hist_gradient_boosting,0.5318086636473137,0,True
无油\rs485_20260622_134325.DAT,rs485_20260622_134325.DAT,21,0,无油,4,150.04,hist_gradient_boosting,0.08948295360202504,0,True
无油\rs485_20260622_134325.DAT,rs485_20260622_134325.DAT,22,0,无油,5,187.55,hist_gradient_boosting,0.8606828461889096,0,True
无油\rs485_20260622_134325.DAT,rs485_20260622_134325.DAT,23,0,无油,7,262.57,hist_gradient_boosting,0.14263437492205236,0,True
无油\rs485_20260622_134325.DAT,rs485_20260622_134325.DAT,24,0,无油,4,150.04,hist_gradient_boosting,0.08511669584925333,0,True
无油\rs485_20260622_134325.DAT,rs485_20260622_134325.DAT,25,0,无油,4,150.04,hist_gradient_boosting,0.032930259122939835,0,True
无油\rs485_20260622_134745.DAT,rs485_20260622_134745.DAT,0,0,无油,4,150.04,hist_gradient_boosting,0.0006698937805250326,0,True
无油\rs485_20260622_134745.DAT,rs485_20260622_134745.DAT,1,0,无油,4,150.04,hist_gradient_boosting,0.0006781837778649633,0,True
无油\rs485_20260622_134754.DAT,rs485_20260622_134754.DAT,0,0,无油,4,150.04,hist_gradient_boosting,0.05031275188539311,0,True
无油\rs485_20260622_134754.DAT,rs485_20260622_134754.DAT,1,0,无油,4,150.04,hist_gradient_boosting,0.014669474982089278,0,True
无油\rs485_20260622_134754.DAT,rs485_20260622_134754.DAT,2,0,无油,4,150.04,hist_gradient_boosting,0.24212019704929463,0,True
无油\rs485_20260622_134754.DAT,rs485_20260622_134754.DAT,3,0,无油,4,150.04,hist_gradient_boosting,0.5879060183635084,0,True
无油\rs485_20260622_134754.DAT,rs485_20260622_134754.DAT,4,0,无油,4,150.04,hist_gradient_boosting,0.08348990912649394,0,True
无油\rs485_20260622_134754.DAT,rs485_20260622_134754.DAT,5,0,无油,4,150.04,hist_gradient_boosting,0.9062313201375,1,False
无油\rs485_20260622_134754.DAT,rs485_20260622_134754.DAT,6,0,无油,4,150.04,hist_gradient_boosting,0.0808532379939685,0,True
无油\rs485_20260622_134754.DAT,rs485_20260622_134754.DAT,7,0,无油,8,300.09,hist_gradient_boosting,0.21655241606276762,0,True
无油\rs485_20260622_134754.DAT,rs485_20260622_134754.DAT,8,0,无油,3,112.53,hist_gradient_boosting,0.9472212709716978,1,False
无油\rs485_20260622_134754.DAT,rs485_20260622_134754.DAT,9,0,无油,4,150.04,hist_gradient_boosting,0.32905393812875805,0,True
无油\rs485_20260622_134754.DAT,rs485_20260622_134754.DAT,10,0,无油,4,150.04,hist_gradient_boosting,0.1519074739943932,0,True
无油\rs485_20260622_134754.DAT,rs485_20260622_134754.DAT,11,0,无油,4,150.04,hist_gradient_boosting,0.6113231896901868,0,True
无油\rs485_20260622_134754.DAT,rs485_20260622_134754.DAT,12,0,无油,4,150.04,hist_gradient_boosting,0.4289403576992772,0,True
无油\rs485_20260622_134754.DAT,rs485_20260622_134754.DAT,13,0,无油,4,150.04,hist_gradient_boosting,0.06272229065101355,0,True
无油\rs485_20260622_134754.DAT,rs485_20260622_134754.DAT,14,0,无油,4,150.04,hist_gradient_boosting,0.01144291581343063,0,True
无油\rs485_20260622_134754.DAT,rs485_20260622_134754.DAT,15,0,无油,4,150.04,hist_gradient_boosting,0.016014483042119998,0,True
无油\rs485_20260622_134754.DAT,rs485_20260622_134754.DAT,16,0,无油,4,150.04,hist_gradient_boosting,0.061701475444752296,0,True
无油\rs485_20260622_134754.DAT,rs485_20260622_134754.DAT,17,0,无油,4,150.04,hist_gradient_boosting,0.3159742926428369,0,True
无油\rs485_20260622_134754.DAT,rs485_20260622_134754.DAT,18,0,无油,5,187.55,hist_gradient_boosting,0.45428643298134985,0,True
无油\rs485_20260622_134754.DAT,rs485_20260622_134754.DAT,19,0,无油,7,262.57,hist_gradient_boosting,0.9783822687389777,1,False
无油\rs485_20260622_134754.DAT,rs485_20260622_134754.DAT,20,0,无油,7,262.57,hist_gradient_boosting,0.26160372034757035,0,True
无油\rs485_20260622_134754.DAT,rs485_20260622_134754.DAT,21,0,无油,2,75.02,hist_gradient_boosting,0.949556018542486,1,False
无油\rs485_20260622_134754.DAT,rs485_20260622_134754.DAT,22,0,无油,4,150.04,hist_gradient_boosting,0.36875864404145103,0,True
无油\rs485_20260622_134754.DAT,rs485_20260622_134754.DAT,23,0,无油,5,187.55,hist_gradient_boosting,0.012341453158240112,0,True
无油\rs485_20260622_134754.DAT,rs485_20260622_134754.DAT,24,0,无油,4,150.04,hist_gradient_boosting,0.4941411219329966,0,True
无油\rs485_20260622_134754.DAT,rs485_20260622_134754.DAT,25,0,无油,4,150.04,hist_gradient_boosting,0.5634632684520922,0,True
无油\rs485_20260622_134754.DAT,rs485_20260622_134754.DAT,26,0,无油,4,150.04,hist_gradient_boosting,0.5193322505434181,0,True
无油\rs485_20260622_134754.DAT,rs485_20260622_134754.DAT,27,0,无油,4,150.04,hist_gradient_boosting,0.00656028114681637,0,True
无油\rs485_20260622_134754.DAT,rs485_20260622_134754.DAT,28,0,无油,5,187.55,hist_gradient_boosting,0.028373794695140793,0,True
无油\rs485_20260622_134754.DAT,rs485_20260622_134754.DAT,29,0,无油,3,112.53,hist_gradient_boosting,0.35095864689814366,0,True
无油\rs485_20260622_134754.DAT,rs485_20260622_134754.DAT,30,0,无油,4,150.04,hist_gradient_boosting,0.0044483138238204335,0,True
无油\rs485_20260622_134754.DAT,rs485_20260622_134754.DAT,31,0,无油,2,75.02,hist_gradient_boosting,0.06065433742021127,0,True
无油\rs485_20260622_134754.DAT,rs485_20260622_134754.DAT,32,0,无油,4,150.04,hist_gradient_boosting,0.0859771459210465,0,True
无油\rs485_20260622_134754.DAT,rs485_20260622_134754.DAT,33,0,无油,4,150.04,hist_gradient_boosting,0.008539579148617398,0,True
无油\rs485_20260622_134754.DAT,rs485_20260622_134754.DAT,34,0,无油,4,150.04,hist_gradient_boosting,0.0054703752392836116,0,True
无油\rs485_20260622_134754.DAT,rs485_20260622_134754.DAT,35,0,无油,3,112.53,hist_gradient_boosting,0.03971260980172871,0,True
无油\rs485_20260622_134754.DAT,rs485_20260622_134754.DAT,36,0,无油,4,150.04,hist_gradient_boosting,0.529674382125481,0,True
无油\rs485_20260622_134754.DAT,rs485_20260622_134754.DAT,37,0,无油,5,187.55,hist_gradient_boosting,0.07296618669397863,0,True
无油\rs485_20260622_134754.DAT,rs485_20260622_134754.DAT,38,0,无油,4,150.04,hist_gradient_boosting,0.0009308739338653454,0,True
无油\rs485_20260622_134754.DAT,rs485_20260622_134754.DAT,39,0,无油,4,150.04,hist_gradient_boosting,0.10935398507106879,0,True
无油\rs485_20260622_134754.DAT,rs485_20260622_134754.DAT,40,0,无油,4,150.04,hist_gradient_boosting,0.0011697674878840354,0,True
无油\rs485_20260622_134754.DAT,rs485_20260622_134754.DAT,41,0,无油,7,262.57,hist_gradient_boosting,0.05039401272955118,0,True
无油\rs485_20260622_134754.DAT,rs485_20260622_134754.DAT,42,0,无油,4,150.04,hist_gradient_boosting,0.2777353036574237,0,True
无油\rs485_20260622_134754.DAT,rs485_20260622_134754.DAT,43,0,无油,4,150.04,hist_gradient_boosting,0.2628724671375875,0,True
无油\rs485_20260622_134754.DAT,rs485_20260622_134754.DAT,44,0,无油,4,150.04,hist_gradient_boosting,0.1357860647523681,0,True
无油\rs485_20260622_134754.DAT,rs485_20260622_134754.DAT,45,0,无油,4,150.04,hist_gradient_boosting,0.3666974323503995,0,True
无油\rs485_20260622_134754.DAT,rs485_20260622_134754.DAT,46,0,无油,4,150.04,hist_gradient_boosting,0.18610417246085306,0,True
无油\rs485_20260622_134754.DAT,rs485_20260622_134754.DAT,47,0,无油,4,150.04,hist_gradient_boosting,0.8077794211074864,0,True
无油\rs485_20260622_134754.DAT,rs485_20260622_134754.DAT,48,0,无油,4,150.04,hist_gradient_boosting,0.0014260978397190656,0,True
无油\rs485_20260622_134754.DAT,rs485_20260622_134754.DAT,49,0,无油,5,187.55,hist_gradient_boosting,0.003950006712621761,0,True
无油\rs485_20260622_134754.DAT,rs485_20260622_134754.DAT,50,0,无油,4,150.04,hist_gradient_boosting,0.43099238066093537,0,True
无油\rs485_20260622_134754.DAT,rs485_20260622_134754.DAT,51,0,无油,4,150.04,hist_gradient_boosting,0.02942040237471932,0,True
无油\rs485_20260622_134754.DAT,rs485_20260622_134754.DAT,52,0,无油,7,262.57,hist_gradient_boosting,0.8370700067878909,0,True
无油\rs485_20260622_134754.DAT,rs485_20260622_134754.DAT,53,0,无油,4,150.04,hist_gradient_boosting,0.47086624449145487,0,True
无油\rs485_20260622_134754.DAT,rs485_20260622_134754.DAT,54,0,无油,4,150.04,hist_gradient_boosting,0.26548444312731106,0,True
无油\rs485_20260622_134754.DAT,rs485_20260622_134754.DAT,55,0,无油,4,150.04,hist_gradient_boosting,0.6796053668010935,0,True
无油\rs485_20260622_134754.DAT,rs485_20260622_134754.DAT,56,0,无油,4,150.04,hist_gradient_boosting,0.05043805110605098,0,True
无油\rs485_20260622_134754.DAT,rs485_20260622_134754.DAT,57,0,无油,4,150.04,hist_gradient_boosting,0.6744621287972032,0,True
无油\rs485_20260622_134754.DAT,rs485_20260622_134754.DAT,58,0,无油,4,150.04,hist_gradient_boosting,0.015523403383116648,0,True
无油\rs485_20260622_134754.DAT,rs485_20260622_134754.DAT,59,0,无油,4,150.04,hist_gradient_boosting,0.5920557918614127,0,True
无油\rs485_20260622_134754.DAT,rs485_20260622_134754.DAT,60,0,无油,5,187.55,hist_gradient_boosting,0.19198999027191152,0,True
无油\rs485_20260622_134754.DAT,rs485_20260622_134754.DAT,61,0,无油,4,150.04,hist_gradient_boosting,0.41790659895745236,0,True
无油\rs485_20260622_134754.DAT,rs485_20260622_134754.DAT,62,0,无油,0,0.0,hist_gradient_boosting,0.013232282204007422,0,True
无油\rs485_20260622_134754.DAT,rs485_20260622_134754.DAT,63,0,无油,0,0.0,hist_gradient_boosting,0.013232282204007422,0,True
无油\rs485_20260622_134754.DAT,rs485_20260622_134754.DAT,64,0,无油,0,0.0,hist_gradient_boosting,0.013232282204007422,0,True
无油\rs485_20260622_134754.DAT,rs485_20260622_134754.DAT,65,0,无油,0,0.0,hist_gradient_boosting,0.013232282204007422,0,True
有油\rs485_20260622_134325.DAT,rs485_20260622_134325.DAT,0,1,有油,4,150.04,hist_gradient_boosting,0.921517113605103,1,True
有油\rs485_20260622_134325.DAT,rs485_20260622_134325.DAT,1,1,有油,3,112.53,hist_gradient_boosting,0.9993750783708324,1,True
有油\rs485_20260622_134325.DAT,rs485_20260622_134325.DAT,2,1,有油,2,75.02,hist_gradient_boosting,0.0008091756273641118,0,False
有油\rs485_20260622_134325.DAT,rs485_20260622_134325.DAT,3,1,有油,3,112.53,hist_gradient_boosting,0.5387940154597533,0,False
有油\rs485_20260622_134325.DAT,rs485_20260622_134325.DAT,4,1,有油,2,75.02,hist_gradient_boosting,0.0011426342469239366,0,False
有油\rs485_20260622_134325.DAT,rs485_20260622_134325.DAT,5,1,有油,2,75.02,hist_gradient_boosting,0.0005086937251020249,0,False
有油\rs485_20260622_134325.DAT,rs485_20260622_134325.DAT,6,1,有油,2,75.02,hist_gradient_boosting,0.9759902440286674,1,True
有油\rs485_20260622_134325.DAT,rs485_20260622_134325.DAT,7,1,有油,2,75.02,hist_gradient_boosting,0.006553203120023035,0,False
有油\rs485_20260622_134325.DAT,rs485_20260622_134325.DAT,8,1,有油,4,150.04,hist_gradient_boosting,0.9958145940930927,1,True
有油\rs485_20260622_134325.DAT,rs485_20260622_134325.DAT,9,1,有油,4,150.04,hist_gradient_boosting,0.0004235273002754626,0,False
有油\rs485_20260622_134325.DAT,rs485_20260622_134325.DAT,10,1,有油,4,150.04,hist_gradient_boosting,9.994046850633988e-05,0,False
有油\rs485_20260622_135317.DAT,rs485_20260622_135317.DAT,0,1,有油,3,112.53,hist_gradient_boosting,0.0026620508468910243,0,False
有油\rs485_20260622_135317.DAT,rs485_20260622_135317.DAT,1,1,有油,2,75.02,hist_gradient_boosting,0.00010148550827298385,0,False
有油\rs485_20260622_135317.DAT,rs485_20260622_135317.DAT,2,1,有油,3,112.53,hist_gradient_boosting,0.6286686628019427,0,False
有油\rs485_20260622_135317.DAT,rs485_20260622_135317.DAT,3,1,有油,3,112.53,hist_gradient_boosting,0.0007250805508138879,0,False
有油\rs485_20260622_135317.DAT,rs485_20260622_135317.DAT,4,1,有油,3,112.53,hist_gradient_boosting,0.0007355798502635036,0,False
有油\rs485_20260622_135317.DAT,rs485_20260622_135317.DAT,5,1,有油,3,112.53,hist_gradient_boosting,0.00015804227282493916,0,False
有油\rs485_20260622_135317.DAT,rs485_20260622_135317.DAT,6,1,有油,4,150.04,hist_gradient_boosting,7.232371882008957e-05,0,False
有油\rs485_20260622_135317.DAT,rs485_20260622_135317.DAT,7,1,有油,4,150.04,hist_gradient_boosting,0.6788481642182561,0,False
有油\rs485_20260622_135317.DAT,rs485_20260622_135317.DAT,8,1,有油,3,112.53,hist_gradient_boosting,0.3515218217079894,0,False
有油\rs485_20260622_135317.DAT,rs485_20260622_135317.DAT,9,1,有油,3,112.53,hist_gradient_boosting,0.000489233948345247,0,False
有油\rs485_20260622_135317.DAT,rs485_20260622_135317.DAT,10,1,有油,3,112.53,hist_gradient_boosting,0.00013424024217456557,0,False
有油\rs485_20260622_135317.DAT,rs485_20260622_135317.DAT,11,1,有油,3,112.53,hist_gradient_boosting,0.0002447646721616889,0,False
有油\rs485_20260622_135317.DAT,rs485_20260622_135317.DAT,12,1,有油,4,150.04,hist_gradient_boosting,0.900413850737204,1,True
有油\rs485_20260622_135317.DAT,rs485_20260622_135317.DAT,13,1,有油,4,150.04,hist_gradient_boosting,2.5275888370986045e-05,0,False
有油\rs485_20260622_135317.DAT,rs485_20260622_135317.DAT,14,1,有油,3,112.53,hist_gradient_boosting,0.00016037782005435787,0,False
有油\rs485_20260622_135317.DAT,rs485_20260622_135317.DAT,15,1,有油,4,150.04,hist_gradient_boosting,0.08844892823471262,0,False
有油\rs485_20260622_135317.DAT,rs485_20260622_135317.DAT,16,1,有油,4,150.04,hist_gradient_boosting,5.9132564508954524e-05,0,False
有油\rs485_20260622_135317.DAT,rs485_20260622_135317.DAT,17,1,有油,4,150.04,hist_gradient_boosting,1.9420257759438834e-05,0,False
有油\rs485_20260622_135317.DAT,rs485_20260622_135317.DAT,18,1,有油,4,150.04,hist_gradient_boosting,5.5658950255168554e-05,0,False
有油\rs485_20260622_135317.DAT,rs485_20260622_135317.DAT,19,1,有油,4,150.04,hist_gradient_boosting,8.037350308850399e-05,0,False
有油\rs485_20260622_135317.DAT,rs485_20260622_135317.DAT,20,1,有油,3,112.53,hist_gradient_boosting,0.45299045611648675,0,False
有油\rs485_20260622_135317.DAT,rs485_20260622_135317.DAT,21,1,有油,4,150.04,hist_gradient_boosting,0.16078427232251052,0,False
有油\rs485_20260622_135317.DAT,rs485_20260622_135317.DAT,22,1,有油,5,187.55,hist_gradient_boosting,0.13238611922158772,0,False
有油\rs485_20260622_135317.DAT,rs485_20260622_135317.DAT,23,1,有油,7,262.57,hist_gradient_boosting,0.0005005404073679685,0,False
有油\rs485_20260622_135317.DAT,rs485_20260622_135317.DAT,24,1,有油,4,150.04,hist_gradient_boosting,5.033127207391685e-05,0,False
有油\rs485_20260622_135317.DAT,rs485_20260622_135317.DAT,25,1,有油,2,75.02,hist_gradient_boosting,0.00021589991721928994,0,False
有油\rs485_20260622_135317.DAT,rs485_20260622_135317.DAT,26,1,有油,4,150.04,hist_gradient_boosting,4.297395306013064e-05,0,False
有油\rs485_20260622_135317.DAT,rs485_20260622_135317.DAT,27,1,有油,4,150.04,hist_gradient_boosting,2.951927438474012e-05,0,False
有油\rs485_20260622_135317.DAT,rs485_20260622_135317.DAT,28,1,有油,4,150.04,hist_gradient_boosting,5.7719562140327154e-05,0,False
有油\rs485_20260622_135317.DAT,rs485_20260622_135317.DAT,29,1,有油,7,262.57,hist_gradient_boosting,0.002961870094863183,0,False
有油\rs485_20260622_135317.DAT,rs485_20260622_135317.DAT,30,1,有油,5,187.55,hist_gradient_boosting,1.6167353506631658e-05,0,False
有油\rs485_20260622_135317.DAT,rs485_20260622_135317.DAT,31,1,有油,7,262.57,hist_gradient_boosting,1.0283655331907051e-05,0,False
有油\rs485_20260622_135317.DAT,rs485_20260622_135317.DAT,32,1,有油,3,112.53,hist_gradient_boosting,0.0007859219377046745,0,False
有油\rs485_20260622_135317.DAT,rs485_20260622_135317.DAT,33,1,有油,3,112.53,hist_gradient_boosting,0.0002517150437893457,0,False
有油\rs485_20260622_135317.DAT,rs485_20260622_135317.DAT,34,1,有油,4,150.04,hist_gradient_boosting,0.0009737802563113882,0,False
有油\rs485_20260622_135317.DAT,rs485_20260622_135317.DAT,35,1,有油,4,150.04,hist_gradient_boosting,0.0008957788992994564,0,False
