feature_set,file_id,label,label_name,nominal_distance_cm,block_count,prob_oil_mean,prob_oil_median,prob_oil_std,pred_label,pred_name,model,threshold
stable_no_raw_metadata,训练数据\无油\0cm\0_1.DAT,0,无油,0,123,0.00019246170132989612,4.772816196425361e-06,0.001090441524067032,0,无油,logistic_l2,0.41999999999999993
stable_no_raw_metadata,训练数据\无油\0cm\0_2.DAT,0,无油,0,110,0.07843529146624974,0.027209765929935733,0.1224330500307096,0,无油,logistic_l2,0.41999999999999993
stable_no_raw_metadata,训练数据\无油\0cm\0_3.DAT,0,无油,0,194,0.4189027472312015,0.16296078872277275,0.43735305073888053,0,无油,logistic_l2,0.41999999999999993
stable_no_raw_metadata,训练数据\无油\0cm\0_4.DAT,0,无油,0,109,0.0008487097973913423,0.00035055524935277243,0.0017664061895356037,0,无油,logistic_l2,0.41999999999999993
stable_no_raw_metadata,训练数据\无油\10cm\10_1.DAT,0,无油,10,115,1.7097377461520793e-09,1.191953326135039e-09,1.9933425048884054e-09,0,无油,logistic_l2,0.41999999999999993
stable_no_raw_metadata,训练数据\无油\10cm\10_2.DAT,0,无油,10,177,1.2208510666933204e-06,1.0719543935775745e-09,4.641247847094229e-06,0,无油,logistic_l2,0.41999999999999993
stable_no_raw_metadata,训练数据\无油\10cm\10_3.DAT,0,无油,10,183,0.005000721108926149,1.912293894282181e-05,0.02487322450455594,0,无油,logistic_l2,0.41999999999999993
stable_no_raw_metadata,训练数据\无油\10cm\10_4.DAT,0,无油,10,109,4.961907621135473e-07,2.6939045657854756e-07,5.86273314035182e-07,0,无油,logistic_l2,0.41999999999999993
stable_no_raw_metadata,训练数据\无油\20cm\20_1.DAT,0,无油,20,108,7.183537185141895e-09,5.69158953555196e-09,6.807315700119059e-09,0,无油,logistic_l2,0.41999999999999993
stable_no_raw_metadata,训练数据\无油\20cm\20_2.DAT,0,无油,20,129,0.0009890220403818701,5.087751575412271e-06,0.0042699410672500495,0,无油,logistic_l2,0.41999999999999993
stable_no_raw_metadata,训练数据\无油\20cm\20_3.DAT,0,无油,20,126,0.388240771247139,0.38175284360463707,0.2780567767209015,0,无油,logistic_l2,0.41999999999999993
stable_no_raw_metadata,训练数据\无油\20cm\20_4.DAT,0,无油,20,104,1.1072320841317869e-05,4.9353081340321755e-06,1.635879410677511e-05,0,无油,logistic_l2,0.41999999999999993
stable_no_raw_metadata,训练数据\无油\30cm\30_1.DAT,0,无油,30,210,1.4171352094534189e-15,1.3709905446463768e-15,7.19595580999435e-16,0,无油,logistic_l2,0.41999999999999993
stable_no_raw_metadata,训练数据\无油\30cm\30_2.DAT,0,无油,30,149,0.03609067058554676,0.0012791598952984126,0.1379762969235668,0,无油,logistic_l2,0.41999999999999993
stable_no_raw_metadata,训练数据\无油\30cm\30_3.DAT,0,无油,30,125,0.1573405371439959,0.0257070799580421,0.24963604181775018,0,无油,logistic_l2,0.41999999999999993
stable_no_raw_metadata,训练数据\无油\30cm\30_4.DAT,0,无油,30,112,0.00013506512017208357,3.569257176545006e-05,0.0003674378567522516,0,无油,logistic_l2,0.41999999999999993
stable_no_raw_metadata,训练数据\无油\40cm\40_1.DAT,0,无油,40,168,0.004818440713753874,1.4256511431893685e-05,0.04751404625885333,0,无油,logistic_l2,0.41999999999999993
stable_no_raw_metadata,训练数据\无油\40cm\40_2.DAT,0,无油,40,209,0.010640898900886363,0.00031074043389210643,0.04819241934276928,0,无油,logistic_l2,0.41999999999999993
stable_no_raw_metadata,训练数据\无油\40cm\40_3.DAT,0,无油,40,150,0.19043538027785378,0.011117252919928228,0.3032534069023695,0,无油,logistic_l2,0.41999999999999993
stable_no_raw_metadata,训练数据\无油\40cm\40_4.DAT,0,无油,40,111,0.019846719324731144,0.004492342099692834,0.02516886560017247,0,无油,logistic_l2,0.41999999999999993
stable_no_raw_metadata,训练数据\无油\50cm\50_1.DAT,0,无油,50,110,0.7959540242678059,0.9999999910986027,0.3700782529238614,1,有油,logistic_l2,0.41999999999999993
stable_no_raw_metadata,训练数据\无油\50cm\50_2.DAT,0,无油,50,110,5.878802729499941e-09,6.2788004826051564e-12,4.290748286026113e-08,0,无油,logistic_l2,0.41999999999999993
stable_no_raw_metadata,训练数据\无油\50cm\50_3.DAT,0,无油,50,171,4.010937248115061e-09,1.7835104741093718e-10,6.860031452694893e-09,0,无油,logistic_l2,0.41999999999999993
stable_no_raw_metadata,训练数据\无油\50cm\50_4.DAT,0,无油,50,110,0.0602649316738507,0.04581062541241651,0.04615678438000799,0,无油,logistic_l2,0.41999999999999993
stable_no_raw_metadata,训练数据\有油\0cm\0_1.DAT,1,有油,0,140,0.9999446407032124,0.9999687970563719,7.426771199130597e-05,1,有油,logistic_l2,0.41999999999999993
stable_no_raw_metadata,训练数据\有油\0cm\0_2.DAT,1,有油,0,188,0.9999966134840756,0.9999988626303183,7.048756200185621e-06,1,有油,logistic_l2,0.41999999999999993
stable_no_raw_metadata,训练数据\有油\0cm\0_3.DAT,1,有油,0,128,0.9543896517181106,0.9942939800460613,0.10078540730518357,1,有油,logistic_l2,0.41999999999999993
stable_no_raw_metadata,训练数据\有油\0cm\0_4.DAT,1,有油,0,130,0.9999476971286863,0.9999864517112611,0.0001329042570018968,1,有油,logistic_l2,0.41999999999999993
stable_no_raw_metadata,训练数据\有油\10cm\10_1.DAT,1,有油,10,115,0.9741840877152238,0.9930647531958046,0.04970574029766672,1,有油,logistic_l2,0.41999999999999993
stable_no_raw_metadata,训练数据\有油\10cm\10_2.DAT,1,有油,10,127,0.9995411333178085,0.9999119806186914,0.0010294229737082554,1,有油,logistic_l2,0.41999999999999993
stable_no_raw_metadata,训练数据\有油\10cm\10_3.DAT,1,有油,10,118,0.9982086156397505,0.9992198741642713,0.0034619774047043267,1,有油,logistic_l2,0.41999999999999993
stable_no_raw_metadata,训练数据\有油\10cm\10_4.DAT,1,有油,10,113,0.9976232055798885,0.9992366762456084,0.007003656634594824,1,有油,logistic_l2,0.41999999999999993
stable_no_raw_metadata,训练数据\有油\20cm\20_1.DAT,1,有油,20,107,0.9875443967429853,0.9994347708437602,0.09678747866025701,1,有油,logistic_l2,0.41999999999999993
stable_no_raw_metadata,训练数据\有油\20cm\20_2.DAT,1,有油,20,128,0.8988486647523646,0.9681577164951101,0.16699451931767234,1,有油,logistic_l2,0.41999999999999993
stable_no_raw_metadata,训练数据\有油\20cm\20_3.DAT,1,有油,20,119,0.9996863982215612,0.9999608264279969,0.0009017292465662325,1,有油,logistic_l2,0.41999999999999993
stable_no_raw_metadata,训练数据\有油\20cm\20_4.DAT,1,有油,20,163,0.9992821939560229,0.9997906958579543,0.0013373290086931208,1,有油,logistic_l2,0.41999999999999993
stable_no_raw_metadata,训练数据\有油\30cm\30_1.DAT,1,有油,30,163,0.9929583872396457,0.9990984930234428,0.02981425735146209,1,有油,logistic_l2,0.41999999999999993
stable_no_raw_metadata,训练数据\有油\30cm\30_2.DAT,1,有油,30,112,0.9421007299727823,0.979394534473062,0.09557447257297638,1,有油,logistic_l2,0.41999999999999993
stable_no_raw_metadata,训练数据\有油\30cm\30_3.DAT,1,有油,30,132,0.9981733234599558,0.999357521883142,0.003760059788469611,1,有油,logistic_l2,0.41999999999999993
stable_no_raw_metadata,训练数据\有油\30cm\30_4.DAT,1,有油,30,114,0.9998533810923582,0.9999945267968581,0.0007135997686152564,1,有油,logistic_l2,0.41999999999999993
stable_no_raw_metadata,训练数据\有油\40cm\40_1.DAT,1,有油,40,124,0.9962791452471988,0.9992071073111459,0.00814752066731711,1,有油,logistic_l2,0.41999999999999993
stable_no_raw_metadata,训练数据\有油\40cm\40_2.DAT,1,有油,40,156,0.8874345825985239,0.9670849281927758,0.17247859864318088,1,有油,logistic_l2,0.41999999999999993
stable_no_raw_metadata,训练数据\有油\40cm\40_3.DAT,1,有油,40,127,0.917684201037316,0.9416666426886622,0.08015326214102766,1,有油,logistic_l2,0.41999999999999993
stable_no_raw_metadata,训练数据\有油\40cm\40_4.DAT,1,有油,40,109,0.5044703408043147,0.552463474531562,0.3356339764242603,1,有油,logistic_l2,0.41999999999999993
stable_no_raw_metadata,训练数据\有油\50cm\50_1.DAT,1,有油,50,109,0.9996811883331979,0.9997383272628801,0.00020029714465663882,1,有油,logistic_l2,0.41999999999999993
stable_no_raw_metadata,训练数据\有油\50cm\50_2.DAT,1,有油,50,163,0.9847011200823066,0.9881852133067357,0.0134753312928705,1,有油,logistic_l2,0.41999999999999993
stable_no_raw_metadata,训练数据\有油\50cm\50_3.DAT,1,有油,50,117,0.9920241100818699,0.9945840907695127,0.007612902833358461,1,有油,logistic_l2,0.41999999999999993
stable_no_raw_metadata,训练数据\有油\50cm\50_4.DAT,1,有油,50,165,0.9999945148015089,0.9999968532280533,8.249360744503512e-06,1,有油,logistic_l2,0.41999999999999993
stable_no_raw_metadata,训练数据\无油\0cm\0_1.DAT,0,无油,0,123,0.1513119830223155,0.13078982979960904,0.05787808875593552,0,无油,random_forest,0.39499999999999996
stable_no_raw_metadata,训练数据\无油\0cm\0_2.DAT,0,无油,0,110,0.17635696528571185,0.17738545915151632,0.04505215599943249,0,无油,random_forest,0.39499999999999996
stable_no_raw_metadata,训练数据\无油\0cm\0_3.DAT,0,无油,0,194,0.5491133410820029,0.6220374115008005,0.2637341165438225,1,有油,random_forest,0.39499999999999996
stable_no_raw_metadata,训练数据\无油\0cm\0_4.DAT,0,无油,0,109,0.16408057660818848,0.16536943488859918,0.02007049913448283,0,无油,random_forest,0.39499999999999996
stable_no_raw_metadata,训练数据\无油\10cm\10_1.DAT,0,无油,10,115,0.016616857289021944,0.01612999527125867,0.009714489304454463,0,无油,random_forest,0.39499999999999996
stable_no_raw_metadata,训练数据\无油\10cm\10_2.DAT,0,无油,10,177,0.14034365578231608,0.1623696559889056,0.06925463058759887,0,无油,random_forest,0.39499999999999996
stable_no_raw_metadata,训练数据\无油\10cm\10_3.DAT,0,无油,10,183,0.16408970255895922,0.12909800069653346,0.10057224544120662,0,无油,random_forest,0.39499999999999996
stable_no_raw_metadata,训练数据\无油\10cm\10_4.DAT,0,无油,10,109,0.007792155790764163,0.006945764013499845,0.0036734105105568236,0,无油,random_forest,0.39499999999999996
stable_no_raw_metadata,训练数据\无油\20cm\20_1.DAT,0,无油,20,108,0.03489922684681951,0.034806778493883805,0.0031636254807072346,0,无油,random_forest,0.39499999999999996
stable_no_raw_metadata,训练数据\无油\20cm\20_2.DAT,0,无油,20,129,0.10433414454488242,0.07390959233405173,0.07415500517073009,0,无油,random_forest,0.39499999999999996
stable_no_raw_metadata,训练数据\无油\20cm\20_3.DAT,0,无油,20,126,0.48181045123352884,0.5016927748709166,0.09077904058029339,1,有油,random_forest,0.39499999999999996
stable_no_raw_metadata,训练数据\无油\20cm\20_4.DAT,0,无油,20,104,0.08740113401783768,0.08602330295542841,0.008217139482077095,0,无油,random_forest,0.39499999999999996
stable_no_raw_metadata,训练数据\无油\30cm\30_1.DAT,0,无油,30,210,0.13724183786793476,0.13832343147858417,0.006656893117695494,0,无油,random_forest,0.39499999999999996
stable_no_raw_metadata,训练数据\无油\30cm\30_2.DAT,0,无油,30,149,0.3183318132402898,0.2514079715414227,0.1718197436466587,0,无油,random_forest,0.39499999999999996
stable_no_raw_metadata,训练数据\无油\30cm\30_3.DAT,0,无油,30,125,0.39425394806108655,0.408084130218109,0.14151638936755526,0,无油,random_forest,0.39499999999999996
stable_no_raw_metadata,训练数据\无油\30cm\30_4.DAT,0,无油,30,112,0.037534718927579265,0.0324766863449852,0.023149306958628667,0,无油,random_forest,0.39499999999999996
stable_no_raw_metadata,训练数据\无油\40cm\40_1.DAT,0,无油,40,168,0.09848747011815139,0.06428220554597895,0.08157418824371347,0,无油,random_forest,0.39499999999999996
stable_no_raw_metadata,训练数据\无油\40cm\40_2.DAT,0,无油,40,209,0.23959734373934177,0.2454304275466123,0.1202607851864595,0,无油,random_forest,0.39499999999999996
stable_no_raw_metadata,训练数据\无油\40cm\40_3.DAT,0,无油,40,150,0.24035205141776372,0.2400577298436411,0.022991988530618502,0,无油,random_forest,0.39499999999999996
stable_no_raw_metadata,训练数据\无油\40cm\40_4.DAT,0,无油,40,111,0.1729859653518119,0.17512320102115383,0.02823226451086565,0,无油,random_forest,0.39499999999999996
stable_no_raw_metadata,训练数据\无油\50cm\50_1.DAT,0,无油,50,110,0.36934723190469443,0.39509890483250315,0.09972078335239572,0,无油,random_forest,0.39499999999999996
stable_no_raw_metadata,训练数据\无油\50cm\50_2.DAT,0,无油,50,110,0.07024831209315802,0.07545247648979456,0.033943515846525066,0,无油,random_forest,0.39499999999999996
stable_no_raw_metadata,训练数据\无油\50cm\50_3.DAT,0,无油,50,171,0.06476939136138266,0.06427646774973525,0.009271642857414627,0,无油,random_forest,0.39499999999999996
stable_no_raw_metadata,训练数据\无油\50cm\50_4.DAT,0,无油,50,110,0.18011569379177098,0.1724035062493462,0.017859609213602995,0,无油,random_forest,0.39499999999999996
stable_no_raw_metadata,训练数据\有油\0cm\0_1.DAT,1,有油,0,140,0.9882356252406143,0.9901190070707855,0.004829211240050184,1,有油,random_forest,0.39499999999999996
stable_no_raw_metadata,训练数据\有油\0cm\0_2.DAT,1,有油,0,188,0.8578980559753031,0.8629493208754502,0.02268184510499839,1,有油,random_forest,0.39499999999999996
stable_no_raw_metadata,训练数据\有油\0cm\0_3.DAT,1,有油,0,128,0.862296672540944,0.8767442391072908,0.04936707899739741,1,有油,random_forest,0.39499999999999996
stable_no_raw_metadata,训练数据\有油\0cm\0_4.DAT,1,有油,0,130,0.8888493541088245,0.8903644717675934,0.008068075123065257,1,有油,random_forest,0.39499999999999996
stable_no_raw_metadata,训练数据\有油\10cm\10_1.DAT,1,有油,10,115,0.9234113452515124,0.9066334257164321,0.052291937663945,1,有油,random_forest,0.39499999999999996
stable_no_raw_metadata,训练数据\有油\10cm\10_2.DAT,1,有油,10,127,0.8600405710404853,0.8587413662663149,0.01601012332876491,1,有油,random_forest,0.39499999999999996
stable_no_raw_metadata,训练数据\有油\10cm\10_3.DAT,1,有油,10,118,0.980953554447352,0.981408861008068,0.011576055067562718,1,有油,random_forest,0.39499999999999996
stable_no_raw_metadata,训练数据\有油\10cm\10_4.DAT,1,有油,10,113,0.704414102933908,0.6920395031593355,0.05454097144721394,1,有油,random_forest,0.39499999999999996
stable_no_raw_metadata,训练数据\有油\20cm\20_1.DAT,1,有油,20,107,0.9758618954474028,0.986581162258657,0.03129224519692548,1,有油,random_forest,0.39499999999999996
stable_no_raw_metadata,训练数据\有油\20cm\20_2.DAT,1,有油,20,128,0.7662032155638089,0.7797205342561011,0.0766573244727459,1,有油,random_forest,0.39499999999999996
stable_no_raw_metadata,训练数据\有油\20cm\20_3.DAT,1,有油,20,119,0.8899280481760268,0.9762727633932156,0.1671244001948193,1,有油,random_forest,0.39499999999999996
stable_no_raw_metadata,训练数据\有油\20cm\20_4.DAT,1,有油,20,163,0.99054613663567,0.9956097995334406,0.011168584938220389,1,有油,random_forest,0.39499999999999996
stable_no_raw_metadata,训练数据\有油\30cm\30_1.DAT,1,有油,30,163,0.9091497422559973,0.9163124852171591,0.033805189769259385,1,有油,random_forest,0.39499999999999996
stable_no_raw_metadata,训练数据\有油\30cm\30_2.DAT,1,有油,30,112,0.42221376483559225,0.4235490536547557,0.012500596062018934,1,有油,random_forest,0.39499999999999996
stable_no_raw_metadata,训练数据\有油\30cm\30_3.DAT,1,有油,30,132,0.5871702466430986,0.5888395058565461,0.018778894875327884,1,有油,random_forest,0.39499999999999996
stable_no_raw_metadata,训练数据\有油\30cm\30_4.DAT,1,有油,30,114,0.9521685918128296,0.9706143472816818,0.05786634595152606,1,有油,random_forest,0.39499999999999996
stable_no_raw_metadata,训练数据\有油\40cm\40_1.DAT,1,有油,40,124,0.7508513441699227,0.7529779489437011,0.0213361237016253,1,有油,random_forest,0.39499999999999996
stable_no_raw_metadata,训练数据\有油\40cm\40_2.DAT,1,有油,40,156,0.504428577836615,0.5056376907963518,0.09704051637877381,1,有油,random_forest,0.39499999999999996
stable_no_raw_metadata,训练数据\有油\40cm\40_3.DAT,1,有油,40,127,0.6984275349360235,0.7044849451604802,0.0297352572127165,1,有油,random_forest,0.39499999999999996
stable_no_raw_metadata,训练数据\有油\40cm\40_4.DAT,1,有油,40,109,0.20573885158758815,0.19460205946116016,0.06265992934443344,0,无油,random_forest,0.39499999999999996
stable_no_raw_metadata,训练数据\有油\50cm\50_1.DAT,1,有油,50,109,0.4639490948304378,0.464075297936823,0.01188575903528072,1,有油,random_forest,0.39499999999999996
stable_no_raw_metadata,训练数据\有油\50cm\50_2.DAT,1,有油,50,163,0.3470322096990778,0.34761469112474386,0.02410568958737925,0,无油,random_forest,0.39499999999999996
stable_no_raw_metadata,训练数据\有油\50cm\50_3.DAT,1,有油,50,117,0.649399156742217,0.6424507894729394,0.049169722015718,1,有油,random_forest,0.39499999999999996
stable_no_raw_metadata,训练数据\有油\50cm\50_4.DAT,1,有油,50,165,0.8712236321923396,0.8833965902060663,0.025611438326065036,1,有油,random_forest,0.39499999999999996
stable_no_raw_metadata,训练数据\无油\0cm\0_1.DAT,0,无油,0,123,0.11744670443754143,0.10342435988502498,0.052369816299822666,0,无油,extra_trees,0.29
stable_no_raw_metadata,训练数据\无油\0cm\0_2.DAT,0,无油,0,110,0.1839338698183731,0.18584690362142897,0.0368125144399098,0,无油,extra_trees,0.29
stable_no_raw_metadata,训练数据\无油\0cm\0_3.DAT,0,无油,0,194,0.5532270757096203,0.6150941307823179,0.2695973939474342,1,有油,extra_trees,0.29
stable_no_raw_metadata,训练数据\无油\0cm\0_4.DAT,0,无油,0,109,0.2886233086461022,0.2903076305276286,0.026434585511097602,0,无油,extra_trees,0.29
stable_no_raw_metadata,训练数据\无油\10cm\10_1.DAT,0,无油,10,115,0.033820083712284475,0.03214740203225584,0.007551447870724405,0,无油,extra_trees,0.29
stable_no_raw_metadata,训练数据\无油\10cm\10_2.DAT,0,无油,10,177,0.09148416710742392,0.0917243056243983,0.029583734782433306,0,无油,extra_trees,0.29
stable_no_raw_metadata,训练数据\无油\10cm\10_3.DAT,0,无油,10,183,0.1801383800124702,0.1335150326450826,0.1088216099245791,0,无油,extra_trees,0.29
stable_no_raw_metadata,训练数据\无油\10cm\10_4.DAT,0,无油,10,109,0.03925675944065393,0.04015126756192797,0.01081762652478261,0,无油,extra_trees,0.29
stable_no_raw_metadata,训练数据\无油\20cm\20_1.DAT,0,无油,20,108,0.13142390168062806,0.13126116955772174,0.004506745277527106,0,无油,extra_trees,0.29
stable_no_raw_metadata,训练数据\无油\20cm\20_2.DAT,0,无油,20,129,0.149101121406776,0.13118928557328247,0.04600173871604364,0,无油,extra_trees,0.29
stable_no_raw_metadata,训练数据\无油\20cm\20_3.DAT,0,无油,20,126,0.39588341353942746,0.4032513162046966,0.05310172025841784,1,有油,extra_trees,0.29
stable_no_raw_metadata,训练数据\无油\20cm\20_4.DAT,0,无油,20,104,0.05438622856891036,0.050687506718135905,0.01508928115601213,0,无油,extra_trees,0.29
stable_no_raw_metadata,训练数据\无油\30cm\30_1.DAT,0,无油,30,210,0.1250155598895425,0.12609033421885485,0.005086046856559717,0,无油,extra_trees,0.29
stable_no_raw_metadata,训练数据\无油\30cm\30_2.DAT,0,无油,30,149,0.28768659952119097,0.2935821670381315,0.08598446776399697,0,无油,extra_trees,0.29
stable_no_raw_metadata,训练数据\无油\30cm\30_3.DAT,0,无油,30,125,0.36614634968936105,0.3811978936201693,0.09169036326557263,1,有油,extra_trees,0.29
stable_no_raw_metadata,训练数据\无油\30cm\30_4.DAT,0,无油,30,112,0.10156664085256203,0.09867792032767393,0.019446315927529864,0,无油,extra_trees,0.29
stable_no_raw_metadata,训练数据\无油\40cm\40_1.DAT,0,无油,40,168,0.1061270160375997,0.08860811255491621,0.05903738757323745,0,无油,extra_trees,0.29
stable_no_raw_metadata,训练数据\无油\40cm\40_2.DAT,0,无油,40,209,0.14561842687400398,0.12336168661475573,0.08124045468527288,0,无油,extra_trees,0.29
stable_no_raw_metadata,训练数据\无油\40cm\40_3.DAT,0,无油,40,150,0.30148694388963176,0.2750735678891111,0.06597292714426282,1,有油,extra_trees,0.29
stable_no_raw_metadata,训练数据\无油\40cm\40_4.DAT,0,无油,40,111,0.24633413303685237,0.23878219556474886,0.04138820460532828,0,无油,extra_trees,0.29
stable_no_raw_metadata,训练数据\无油\50cm\50_1.DAT,0,无油,50,110,0.22012138612430499,0.20451995129976652,0.09667284021435889,0,无油,extra_trees,0.29
stable_no_raw_metadata,训练数据\无油\50cm\50_2.DAT,0,无油,50,110,0.09932640131584643,0.1109910993419355,0.03270572162818143,0,无油,extra_trees,0.29
stable_no_raw_metadata,训练数据\无油\50cm\50_3.DAT,0,无油,50,171,0.09325716946840848,0.09125292730678108,0.015561475481148085,0,无油,extra_trees,0.29
stable_no_raw_metadata,训练数据\无油\50cm\50_4.DAT,0,无油,50,110,0.19182524338894255,0.1917922439626397,0.008303173931027379,0,无油,extra_trees,0.29
stable_no_raw_metadata,训练数据\有油\0cm\0_1.DAT,1,有油,0,140,0.9741429989711358,0.9746040663399338,0.004639826702594146,1,有油,extra_trees,0.29
stable_no_raw_metadata,训练数据\有油\0cm\0_2.DAT,1,有油,0,188,0.9793523917572904,0.9934229339176163,0.05363288317867527,1,有油,extra_trees,0.29
stable_no_raw_metadata,训练数据\有油\0cm\0_3.DAT,1,有油,0,128,0.7801773500435883,0.7899552565689073,0.04443416501085667,1,有油,extra_trees,0.29
stable_no_raw_metadata,训练数据\有油\0cm\0_4.DAT,1,有油,0,130,0.9829217020649426,0.9839987613555815,0.006518507559524569,1,有油,extra_trees,0.29
stable_no_raw_metadata,训练数据\有油\10cm\10_1.DAT,1,有油,10,115,0.9611347395727955,0.9652723955896596,0.03847143390143015,1,有油,extra_trees,0.29
stable_no_raw_metadata,训练数据\有油\10cm\10_2.DAT,1,有油,10,127,0.9099000963659003,0.909803158734051,0.03512481710265104,1,有油,extra_trees,0.29
stable_no_raw_metadata,训练数据\有油\10cm\10_3.DAT,1,有油,10,118,0.9817283970413715,0.9839992292425151,0.014065941670470495,1,有油,extra_trees,0.29
stable_no_raw_metadata,训练数据\有油\10cm\10_4.DAT,1,有油,10,113,0.8823077967088796,0.8872489059065398,0.02452376959911333,1,有油,extra_trees,0.29
stable_no_raw_metadata,训练数据\有油\20cm\20_1.DAT,1,有油,20,107,0.9742274947033271,0.9777724350877074,0.03325764178065143,1,有油,extra_trees,0.29
stable_no_raw_metadata,训练数据\有油\20cm\20_2.DAT,1,有油,20,128,0.7433116203460799,0.7498098085870164,0.07845681256724274,1,有油,extra_trees,0.29
stable_no_raw_metadata,训练数据\有油\20cm\20_3.DAT,1,有油,20,119,0.9429467721791573,0.9767490042521558,0.07149196456997552,1,有油,extra_trees,0.29
stable_no_raw_metadata,训练数据\有油\20cm\20_4.DAT,1,有油,20,163,0.9767663717969731,0.9827078384626993,0.01481960532452134,1,有油,extra_trees,0.29
stable_no_raw_metadata,训练数据\有油\30cm\30_1.DAT,1,有油,30,163,0.7818269925165179,0.7884808761260002,0.04284602372944438,1,有油,extra_trees,0.29
stable_no_raw_metadata,训练数据\有油\30cm\30_2.DAT,1,有油,30,112,0.42328598080574154,0.4251917773511411,0.028291915287208026,1,有油,extra_trees,0.29
stable_no_raw_metadata,训练数据\有油\30cm\30_3.DAT,1,有油,30,132,0.44024658449116694,0.4433912970039443,0.02755356368792781,1,有油,extra_trees,0.29
stable_no_raw_metadata,训练数据\有油\30cm\30_4.DAT,1,有油,30,114,0.9181041083317739,0.937570864338971,0.06563173770033348,1,有油,extra_trees,0.29
stable_no_raw_metadata,训练数据\有油\40cm\40_1.DAT,1,有油,40,124,0.73696069791863,0.7363943610838072,0.02767201292694456,1,有油,extra_trees,0.29
stable_no_raw_metadata,训练数据\有油\40cm\40_2.DAT,1,有油,40,156,0.6481331078727827,0.6535495409784369,0.05877612268753162,1,有油,extra_trees,0.29
stable_no_raw_metadata,训练数据\有油\40cm\40_3.DAT,1,有油,40,127,0.5899177863620556,0.5930733441780907,0.030977059296430045,1,有油,extra_trees,0.29
stable_no_raw_metadata,训练数据\有油\40cm\40_4.DAT,1,有油,40,109,0.2921159227914215,0.29375637823217543,0.040943233108396676,1,有油,extra_trees,0.29
stable_no_raw_metadata,训练数据\有油\50cm\50_1.DAT,1,有油,50,109,0.35685255942131267,0.3626458441112016,0.023597162929236446,1,有油,extra_trees,0.29
stable_no_raw_metadata,训练数据\有油\50cm\50_2.DAT,1,有油,50,163,0.3555640931589309,0.3547966151292668,0.021165895914902408,1,有油,extra_trees,0.29
stable_no_raw_metadata,训练数据\有油\50cm\50_3.DAT,1,有油,50,117,0.7409439277141017,0.747853797785972,0.04340583111873035,1,有油,extra_trees,0.29
stable_no_raw_metadata,训练数据\有油\50cm\50_4.DAT,1,有油,50,165,0.8104447099633798,0.8174371604699356,0.024273661623360487,1,有油,extra_trees,0.29
stable_no_raw_metadata,训练数据\无油\0cm\0_1.DAT,0,无油,0,123,0.02215698815921939,0.00011427516504136325,0.05244012990988765,0,无油,hist_gradient_boosting,0.12499999999999999
stable_no_raw_metadata,训练数据\无油\0cm\0_2.DAT,0,无油,0,110,0.010188014294048168,4.299983524888126e-05,0.08119135872184478,0,无油,hist_gradient_boosting,0.12499999999999999
stable_no_raw_metadata,训练数据\无油\0cm\0_3.DAT,0,无油,0,194,0.7351110549529253,0.9996785565208608,0.4377742133398963,1,有油,hist_gradient_boosting,0.12499999999999999
stable_no_raw_metadata,训练数据\无油\0cm\0_4.DAT,0,无油,0,109,0.00017308784355457194,0.00015953317133013558,6.037522455913504e-05,0,无油,hist_gradient_boosting,0.12499999999999999
stable_no_raw_metadata,训练数据\无油\10cm\10_1.DAT,0,无油,10,115,4.052833180439574e-05,2.912026334619857e-05,1.8131519281926974e-05,0,无油,hist_gradient_boosting,0.12499999999999999
stable_no_raw_metadata,训练数据\无油\10cm\10_2.DAT,0,无油,10,177,0.00016865506479531585,0.00011466880303781086,0.00022558209772767653,0,无油,hist_gradient_boosting,0.12499999999999999
stable_no_raw_metadata,训练数据\无油\10cm\10_3.DAT,0,无油,10,183,0.0013115066695476723,0.00018491886636247726,0.0034603457667176586,0,无油,hist_gradient_boosting,0.12499999999999999
stable_no_raw_metadata,训练数据\无油\10cm\10_4.DAT,0,无油,10,109,1.7589016961905212e-05,1.6698924047029207e-05,1.3726601785152141e-06,0,无油,hist_gradient_boosting,0.12499999999999999
stable_no_raw_metadata,训练数据\无油\20cm\20_1.DAT,0,无油,20,108,0.00043075008765049307,0.00042363383411524457,0.00012452568920231,0,无油,hist_gradient_boosting,0.12499999999999999
stable_no_raw_metadata,训练数据\无油\20cm\20_2.DAT,0,无油,20,129,0.06739140493994955,8.073445122025105e-05,0.24662874036841534,0,无油,hist_gradient_boosting,0.12499999999999999
stable_no_raw_metadata,训练数据\无油\20cm\20_3.DAT,0,无油,20,126,0.49866001771265855,0.6620335616590965,0.37365249906870296,1,有油,hist_gradient_boosting,0.12499999999999999
stable_no_raw_metadata,训练数据\无油\20cm\20_4.DAT,0,无油,20,104,0.0007228869127951976,8.460906430406585e-05,0.0011010294436152189,0,无油,hist_gradient_boosting,0.12499999999999999
stable_no_raw_metadata,训练数据\无油\30cm\30_1.DAT,0,无油,30,210,0.0011929460246628723,0.0014808900066794173,0.0005898730792125876,0,无油,hist_gradient_boosting,0.12499999999999999
stable_no_raw_metadata,训练数据\无油\30cm\30_2.DAT,0,无油,30,149,0.466005973609714,0.005026847489983624,0.494941660127528,1,有油,hist_gradient_boosting,0.12499999999999999
stable_no_raw_metadata,训练数据\无油\30cm\30_3.DAT,0,无油,30,125,0.36775107283890274,0.021111048733100178,0.41553462508107375,1,有油,hist_gradient_boosting,0.12499999999999999
stable_no_raw_metadata,训练数据\无油\30cm\30_4.DAT,0,无油,30,112,0.001535790606190916,2.0350974084137288e-05,0.015993079141203667,0,无油,hist_gradient_boosting,0.12499999999999999
stable_no_raw_metadata,训练数据\无油\40cm\40_1.DAT,0,无油,40,168,0.005235473976067764,1.718783151892616e-05,0.028903551046318695,0,无油,hist_gradient_boosting,0.12499999999999999
stable_no_raw_metadata,训练数据\无油\40cm\40_2.DAT,0,无油,40,209,0.12020599755225726,0.004709356284029019,0.30479723435914025,0,无油,hist_gradient_boosting,0.12499999999999999
stable_no_raw_metadata,训练数据\无油\40cm\40_3.DAT,0,无油,40,150,0.0002555641898162003,0.0001126596461228037,0.0002516067519560949,0,无油,hist_gradient_boosting,0.12499999999999999
stable_no_raw_metadata,训练数据\无油\40cm\40_4.DAT,0,无油,40,111,0.00020961492811379993,6.806309489066462e-05,0.0003560011640281413,0,无油,hist_gradient_boosting,0.12499999999999999
stable_no_raw_metadata,训练数据\无油\50cm\50_1.DAT,0,无油,50,110,0.08045867123958957,0.011633283001767625,0.24924802745296262,0,无油,hist_gradient_boosting,0.12499999999999999
stable_no_raw_metadata,训练数据\无油\50cm\50_2.DAT,0,无油,50,110,0.00024056889777113332,0.00016458686457888118,0.0005208708516994426,0,无油,hist_gradient_boosting,0.12499999999999999
stable_no_raw_metadata,训练数据\无油\50cm\50_3.DAT,0,无油,50,171,3.338272703474187e-05,2.8585276142836765e-05,1.3674852797873515e-05,0,无油,hist_gradient_boosting,0.12499999999999999
stable_no_raw_metadata,训练数据\无油\50cm\50_4.DAT,0,无油,50,110,0.0324384661808381,0.00011310847843026638,0.0728399196684475,0,无油,hist_gradient_boosting,0.12499999999999999
stable_no_raw_metadata,训练数据\有油\0cm\0_1.DAT,1,有油,0,140,0.9999816003958902,0.9999846204968637,1.1403527111025276e-05,1,有油,hist_gradient_boosting,0.12499999999999999
stable_no_raw_metadata,训练数据\有油\0cm\0_2.DAT,1,有油,0,188,0.9997433130760001,0.9999649615420223,0.0012575608484530823,1,有油,hist_gradient_boosting,0.12499999999999999
stable_no_raw_metadata,训练数据\有油\0cm\0_3.DAT,1,有油,0,128,0.9919221437281789,0.9999386322881235,0.0528910650532307,1,有油,hist_gradient_boosting,0.12499999999999999
stable_no_raw_metadata,训练数据\有油\0cm\0_4.DAT,1,有油,0,130,0.9983980325275059,0.9999469391432192,0.004453779621676655,1,有油,hist_gradient_boosting,0.12499999999999999
stable_no_raw_metadata,训练数据\有油\10cm\10_1.DAT,1,有油,10,115,0.9964125791127563,0.996421672580335,0.0037506526638306473,1,有油,hist_gradient_boosting,0.12499999999999999
stable_no_raw_metadata,训练数据\有油\10cm\10_2.DAT,1,有油,10,127,0.9997184582429813,0.9999335203709541,0.0012904175494995844,1,有油,hist_gradient_boosting,0.12499999999999999
stable_no_raw_metadata,训练数据\有油\10cm\10_3.DAT,1,有油,10,118,0.9997468820482809,0.999711932387991,0.00023214179555642531,1,有油,hist_gradient_boosting,0.12499999999999999
stable_no_raw_metadata,训练数据\有油\10cm\10_4.DAT,1,有油,10,113,0.9995815108666735,0.9998634106579755,0.001058975312212052,1,有油,hist_gradient_boosting,0.12499999999999999
stable_no_raw_metadata,训练数据\有油\20cm\20_1.DAT,1,有油,20,107,0.9999159675883719,0.9999786622281601,0.0001981682967534421,1,有油,hist_gradient_boosting,0.12499999999999999
stable_no_raw_metadata,训练数据\有油\20cm\20_2.DAT,1,有油,20,128,0.6078749016499234,0.5285744501940697,0.3258528626550339,1,有油,hist_gradient_boosting,0.12499999999999999
stable_no_raw_metadata,训练数据\有油\20cm\20_3.DAT,1,有油,20,119,0.9278479088859176,0.9998827023751371,0.17777609454656695,1,有油,hist_gradient_boosting,0.12499999999999999
stable_no_raw_metadata,训练数据\有油\20cm\20_4.DAT,1,有油,20,163,0.9999363069011962,0.9999779905474918,0.00013613788052465066,1,有油,hist_gradient_boosting,0.12499999999999999
stable_no_raw_metadata,训练数据\有油\30cm\30_1.DAT,1,有油,30,163,0.9998094251091959,0.9999145929672987,0.000580603863628212,1,有油,hist_gradient_boosting,0.12499999999999999
stable_no_raw_metadata,训练数据\有油\30cm\30_2.DAT,1,有油,30,112,0.22056966675304332,0.23271289498149073,0.072544642875569,1,有油,hist_gradient_boosting,0.12499999999999999
stable_no_raw_metadata,训练数据\有油\30cm\30_3.DAT,1,有油,30,132,0.9999300729715425,0.999933092533821,5.169167040089312e-05,1,有油,hist_gradient_boosting,0.12499999999999999
stable_no_raw_metadata,训练数据\有油\30cm\30_4.DAT,1,有油,30,114,0.9999658640359474,0.999984135363513,6.673832545286097e-05,1,有油,hist_gradient_boosting,0.12499999999999999
stable_no_raw_metadata,训练数据\有油\40cm\40_1.DAT,1,有油,40,124,0.9974801320120718,0.9976038719089895,0.0008345581295159022,1,有油,hist_gradient_boosting,0.12499999999999999
stable_no_raw_metadata,训练数据\有油\40cm\40_2.DAT,1,有油,40,156,0.21935098805518785,0.06017037688341001,0.3026923057113766,1,有油,hist_gradient_boosting,0.12499999999999999
stable_no_raw_metadata,训练数据\有油\40cm\40_3.DAT,1,有油,40,127,0.9998694706678989,0.9998652194673114,6.718811041222287e-05,1,有油,hist_gradient_boosting,0.12499999999999999
stable_no_raw_metadata,训练数据\有油\40cm\40_4.DAT,1,有油,40,109,0.0018655457556595657,0.00017283692123234727,0.0034359900075318734,0,无油,hist_gradient_boosting,0.12499999999999999
stable_no_raw_metadata,训练数据\有油\50cm\50_1.DAT,1,有油,50,109,0.15750476307200761,0.1810707196102461,0.05842620489759628,1,有油,hist_gradient_boosting,0.12499999999999999
stable_no_raw_metadata,训练数据\有油\50cm\50_2.DAT,1,有油,50,163,0.7041744500706332,0.930066255511078,0.28517351890943204,1,有油,hist_gradient_boosting,0.12499999999999999
stable_no_raw_metadata,训练数据\有油\50cm\50_3.DAT,1,有油,50,117,0.7957488482917571,0.8886834623058953,0.28207788141185225,1,有油,hist_gradient_boosting,0.12499999999999999
stable_no_raw_metadata,训练数据\有油\50cm\50_4.DAT,1,有油,50,165,0.9998548086720741,0.9998881020281417,0.00010260943438167315,1,有油,hist_gradient_boosting,0.12499999999999999
with_position_distance_metadata,训练数据\无油\0cm\0_1.DAT,0,无油,0,123,7.511020238020144e-05,2.4450179608148637e-06,0.0004896058392023497,0,无油,logistic_l2,0.3999999999999999
with_position_distance_metadata,训练数据\无油\0cm\0_2.DAT,0,无油,0,110,0.03333848360865916,0.010589957493445438,0.058167950523488374,0,无油,logistic_l2,0.3999999999999999
with_position_distance_metadata,训练数据\无油\0cm\0_3.DAT,0,无油,0,194,0.36421535897880863,0.07332863844489895,0.40797677172257657,0,无油,logistic_l2,0.3999999999999999
with_position_distance_metadata,训练数据\无油\0cm\0_4.DAT,0,无油,0,109,0.0001228240763240911,6.195182578822437e-05,0.00019677106981105406,0,无油,logistic_l2,0.3999999999999999
with_position_distance_metadata,训练数据\无油\10cm\10_1.DAT,0,无油,10,115,3.154757347092341e-11,2.2944881144886323e-11,3.2586778867995955e-11,0,无油,logistic_l2,0.3999999999999999
with_position_distance_metadata,训练数据\无油\10cm\10_2.DAT,0,无油,10,177,3.045541056773632e-06,7.692652274238553e-09,1.0578791603416944e-05,0,无油,logistic_l2,0.3999999999999999
with_position_distance_metadata,训练数据\无油\10cm\10_3.DAT,0,无油,10,183,0.0014079456204859051,4.389909466014144e-06,0.007984515551836005,0,无油,logistic_l2,0.3999999999999999
with_position_distance_metadata,训练数据\无油\10cm\10_4.DAT,0,无油,10,109,4.7534071250039944e-08,2.79530572953192e-08,5.143879762080428e-08,0,无油,logistic_l2,0.3999999999999999
with_position_distance_metadata,训练数据\无油\20cm\20_1.DAT,0,无油,20,108,8.311614442821539e-11,6.744481970428478e-11,5.969956167973101e-11,0,无油,logistic_l2,0.3999999999999999
with_position_distance_metadata,训练数据\无油\20cm\20_2.DAT,0,无油,20,129,0.0007403838784161936,6.068093559226458e-06,0.0031935890581556462,0,无油,logistic_l2,0.3999999999999999
with_position_distance_metadata,训练数据\无油\20cm\20_3.DAT,0,无油,20,126,0.3977122454104888,0.39086797875023627,0.27383675093309645,0,无油,logistic_l2,0.3999999999999999
with_position_distance_metadata,训练数据\无油\20cm\20_4.DAT,0,无油,20,104,1.03677270488097e-05,4.78549824517059e-06,1.6297173985623516e-05,0,无油,logistic_l2,0.3999999999999999
with_position_distance_metadata,训练数据\无油\30cm\30_1.DAT,0,无油,30,210,5.18135887955043e-18,4.909055700646795e-18,2.8190143702106693e-18,0,无油,logistic_l2,0.3999999999999999
with_position_distance_metadata,训练数据\无油\30cm\30_2.DAT,0,无油,30,149,0.03666585123611835,0.001362131732230558,0.13419139740157837,0,无油,logistic_l2,0.3999999999999999
with_position_distance_metadata,训练数据\无油\30cm\30_3.DAT,0,无油,30,125,0.16516230230886117,0.03056831260816404,0.25022948988124777,0,无油,logistic_l2,0.3999999999999999
with_position_distance_metadata,训练数据\无油\30cm\30_4.DAT,0,无油,30,112,0.00010166709833335081,2.8393352751877646e-05,0.0003315451040583877,0,无油,logistic_l2,0.3999999999999999
with_position_distance_metadata,训练数据\无油\40cm\40_1.DAT,0,无油,40,168,0.006518797669778319,3.349185694077081e-05,0.060303892853047485,0,无油,logistic_l2,0.3999999999999999
with_position_distance_metadata,训练数据\无油\40cm\40_2.DAT,0,无油,40,209,0.0055296148862709945,0.00013549984805175368,0.031408224876209014,0,无油,logistic_l2,0.3999999999999999
with_position_distance_metadata,训练数据\无油\40cm\40_3.DAT,0,无油,40,150,0.18366877721914968,0.012726552032022196,0.2912037255915217,0,无油,logistic_l2,0.3999999999999999
with_position_distance_metadata,训练数据\无油\40cm\40_4.DAT,0,无油,40,111,0.007586286747756596,0.0015116063840619862,0.009442211509110163,0,无油,logistic_l2,0.3999999999999999
with_position_distance_metadata,训练数据\无油\50cm\50_1.DAT,0,无油,50,110,0.7909760900662753,0.9999999487533657,0.3747004229850994,1,有油,logistic_l2,0.3999999999999999
with_position_distance_metadata,训练数据\无油\50cm\50_2.DAT,0,无油,50,110,1.5038385949598095e-09,8.09744902745053e-12,1.0496796848461214e-08,0,无油,logistic_l2,0.3999999999999999
with_position_distance_metadata,训练数据\无油\50cm\50_3.DAT,0,无油,50,171,1.8128456990801179e-10,1.0645719150037983e-11,2.852738897731759e-10,0,无油,logistic_l2,0.3999999999999999
with_position_distance_metadata,训练数据\无油\50cm\50_4.DAT,0,无油,50,110,0.09750497989675036,0.08383158990373536,0.057608328747529025,0,无油,logistic_l2,0.3999999999999999
with_position_distance_metadata,训练数据\有油\0cm\0_1.DAT,1,有油,0,140,0.9999373921086825,0.9999654552127337,8.259498250024781e-05,1,有油,logistic_l2,0.3999999999999999
with_position_distance_metadata,训练数据\有油\0cm\0_2.DAT,1,有油,0,188,0.9999915425646364,0.9999968926034744,2.0848112960629566e-05,1,有油,logistic_l2,0.3999999999999999
with_position_distance_metadata,训练数据\有油\0cm\0_3.DAT,1,有油,0,128,0.9279169577166482,0.9892969785445116,0.14285737721568442,1,有油,logistic_l2,0.3999999999999999
with_position_distance_metadata,训练数据\有油\0cm\0_4.DAT,1,有油,0,130,0.9999500742056951,0.9999813620954844,9.546796464560217e-05,1,有油,logistic_l2,0.3999999999999999
with_position_distance_metadata,训练数据\有油\10cm\10_1.DAT,1,有油,10,115,0.9778714788386583,0.9917241035900995,0.03703529266719689,1,有油,logistic_l2,0.3999999999999999
with_position_distance_metadata,训练数据\有油\10cm\10_2.DAT,1,有油,10,127,0.9992982743965774,0.999826688328638,0.001438147312109644,1,有油,logistic_l2,0.3999999999999999
with_position_distance_metadata,训练数据\有油\10cm\10_3.DAT,1,有油,10,118,0.9984012396028503,0.9991683506457008,0.002440510041964363,1,有油,logistic_l2,0.3999999999999999
with_position_distance_metadata,训练数据\有油\10cm\10_4.DAT,1,有油,10,113,0.997012014428965,0.9989387021148983,0.00836233603211769,1,有油,logistic_l2,0.3999999999999999
with_position_distance_metadata,训练数据\有油\20cm\20_1.DAT,1,有油,20,107,0.9892305487375361,0.9996110636713738,0.09660626575810362,1,有油,logistic_l2,0.3999999999999999
with_position_distance_metadata,训练数据\有油\20cm\20_2.DAT,1,有油,20,128,0.8809642745262162,0.9532066140788851,0.1677394177301523,1,有油,logistic_l2,0.3999999999999999
with_position_distance_metadata,训练数据\有油\20cm\20_3.DAT,1,有油,20,119,0.9998132336247284,0.9999651233774667,0.0004236447889645589,1,有油,logistic_l2,0.3999999999999999
with_position_distance_metadata,训练数据\有油\20cm\20_4.DAT,1,有油,20,163,0.9996093900410027,0.9998405099713777,0.0006312975155452681,1,有油,logistic_l2,0.3999999999999999
with_position_distance_metadata,训练数据\有油\30cm\30_1.DAT,1,有油,30,163,0.9954527838013133,0.9991414446710202,0.017590218729764233,1,有油,logistic_l2,0.3999999999999999
with_position_distance_metadata,训练数据\有油\30cm\30_2.DAT,1,有油,30,112,0.9766047894883181,0.991514046234276,0.04517926055138934,1,有油,logistic_l2,0.3999999999999999
with_position_distance_metadata,训练数据\有油\30cm\30_3.DAT,1,有油,30,132,0.9990698265892587,0.9996154742481033,0.0017955688731564458,1,有油,logistic_l2,0.3999999999999999
with_position_distance_metadata,训练数据\有油\30cm\30_4.DAT,1,有油,30,114,0.9998975038881724,0.9999963391222209,0.0005262263207690424,1,有油,logistic_l2,0.3999999999999999
with_position_distance_metadata,训练数据\有油\40cm\40_1.DAT,1,有油,40,124,0.9981889087886032,0.9995187589701306,0.003626645305063725,1,有油,logistic_l2,0.3999999999999999
with_position_distance_metadata,训练数据\有油\40cm\40_2.DAT,1,有油,40,156,0.873012761074773,0.9531793038137747,0.17976926537828916,1,有油,logistic_l2,0.3999999999999999
with_position_distance_metadata,训练数据\有油\40cm\40_3.DAT,1,有油,40,127,0.9397910975189495,0.9584846790435718,0.05977252449589564,1,有油,logistic_l2,0.3999999999999999
with_position_distance_metadata,训练数据\有油\40cm\40_4.DAT,1,有油,40,109,0.47521752631681624,0.4681648643074113,0.32116813220039053,1,有油,logistic_l2,0.3999999999999999
with_position_distance_metadata,训练数据\有油\50cm\50_1.DAT,1,有油,50,109,0.9998829973746984,0.9999044530948326,6.814458398637646e-05,1,有油,logistic_l2,0.3999999999999999
with_position_distance_metadata,训练数据\有油\50cm\50_2.DAT,1,有油,50,163,0.9727061663632756,0.9780532562788298,0.022973915167029162,1,有油,logistic_l2,0.3999999999999999
with_position_distance_metadata,训练数据\有油\50cm\50_3.DAT,1,有油,50,117,0.9959601460649742,0.9972024653545513,0.003974932820689613,1,有油,logistic_l2,0.3999999999999999
with_position_distance_metadata,训练数据\有油\50cm\50_4.DAT,1,有油,50,165,0.9999961509135089,0.9999976888006831,5.173132466970782e-06,1,有油,logistic_l2,0.3999999999999999
with_position_distance_metadata,训练数据\无油\0cm\0_1.DAT,0,无油,0,123,0.13940772280779243,0.11641807895356958,0.051664394265730405,0,无油,random_forest,0.36999999999999994
with_position_distance_metadata,训练数据\无油\0cm\0_2.DAT,0,无油,0,110,0.156600481407926,0.15576874603377688,0.039043015449607754,0,无油,random_forest,0.36999999999999994
with_position_distance_metadata,训练数据\无油\0cm\0_3.DAT,0,无油,0,194,0.5620078249392367,0.6310287870421689,0.26396548820317906,1,有油,random_forest,0.36999999999999994
with_position_distance_metadata,训练数据\无油\0cm\0_4.DAT,0,无油,0,109,0.14379368383299124,0.14326144325251933,0.014254939706282808,0,无油,random_forest,0.36999999999999994
with_position_distance_metadata,训练数据\无油\10cm\10_1.DAT,0,无油,10,115,0.02550298122891811,0.025312943670115814,0.011736771051627667,0,无油,random_forest,0.36999999999999994
with_position_distance_metadata,训练数据\无油\10cm\10_2.DAT,0,无油,10,177,0.12905725350278485,0.14794628865592213,0.059587752324819616,0,无油,random_forest,0.36999999999999994
with_position_distance_metadata,训练数据\无油\10cm\10_3.DAT,0,无油,10,183,0.14569387464233766,0.11131306039649533,0.08098212139622721,0,无油,random_forest,0.36999999999999994
with_position_distance_metadata,训练数据\无油\10cm\10_4.DAT,0,无油,10,109,0.0033149816454941814,0.00277725739100572,0.002329130507126829,0,无油,random_forest,0.36999999999999994
with_position_distance_metadata,训练数据\无油\20cm\20_1.DAT,0,无油,20,108,0.02849001528319873,0.02832626352669048,0.0030220374991426035,0,无油,random_forest,0.36999999999999994
with_position_distance_metadata,训练数据\无油\20cm\20_2.DAT,0,无油,20,129,0.08188541900180833,0.05800315073123921,0.06806024743294958,0,无油,random_forest,0.36999999999999994
with_position_distance_metadata,训练数据\无油\20cm\20_3.DAT,0,无油,20,126,0.4692954858268774,0.4960334803436169,0.0965023154633838,1,有油,random_forest,0.36999999999999994
with_position_distance_metadata,训练数据\无油\20cm\20_4.DAT,0,无油,20,104,0.07700506322178681,0.07823278272050985,0.009428130144356553,0,无油,random_forest,0.36999999999999994
with_position_distance_metadata,训练数据\无油\30cm\30_1.DAT,0,无油,30,210,0.08198805153889162,0.08067655269155226,0.0059819913562831626,0,无油,random_forest,0.36999999999999994
with_position_distance_metadata,训练数据\无油\30cm\30_2.DAT,0,无油,30,149,0.31291104500643047,0.25739718209246915,0.16836222796092057,0,无油,random_forest,0.36999999999999994
with_position_distance_metadata,训练数据\无油\30cm\30_3.DAT,0,无油,30,125,0.3670368994730629,0.38225758125784576,0.13402834857611792,0,无油,random_forest,0.36999999999999994
with_position_distance_metadata,训练数据\无油\30cm\30_4.DAT,0,无油,30,112,0.059965071164891616,0.055239977837457016,0.020476324113037823,0,无油,random_forest,0.36999999999999994
with_position_distance_metadata,训练数据\无油\40cm\40_1.DAT,0,无油,40,168,0.1274096565878148,0.09310517364811512,0.08207806334532089,0,无油,random_forest,0.36999999999999994
with_position_distance_metadata,训练数据\无油\40cm\40_2.DAT,0,无油,40,209,0.20872437038765862,0.20433144428425384,0.10881708809068259,0,无油,random_forest,0.36999999999999994
with_position_distance_metadata,训练数据\无油\40cm\40_3.DAT,0,无油,40,150,0.3117303701319001,0.3010297543437552,0.02917938199710709,0,无油,random_forest,0.36999999999999994
with_position_distance_metadata,训练数据\无油\40cm\40_4.DAT,0,无油,40,111,0.2630325610518889,0.24950724750520392,0.03804916730210926,0,无油,random_forest,0.36999999999999994
with_position_distance_metadata,训练数据\无油\50cm\50_1.DAT,0,无油,50,110,0.38433743036852236,0.39768358901154355,0.08817448689163516,1,有油,random_forest,0.36999999999999994
with_position_distance_metadata,训练数据\无油\50cm\50_2.DAT,0,无油,50,110,0.05478512348436722,0.057510427504547226,0.02538348891688582,0,无油,random_forest,0.36999999999999994
with_position_distance_metadata,训练数据\无油\50cm\50_3.DAT,0,无油,50,171,0.05746711103110982,0.056968835600138816,0.011243306092827976,0,无油,random_forest,0.36999999999999994
with_position_distance_metadata,训练数据\无油\50cm\50_4.DAT,0,无油,50,110,0.22698834044425925,0.2161869829352448,0.023801614074812117,0,无油,random_forest,0.36999999999999994
with_position_distance_metadata,训练数据\有油\0cm\0_1.DAT,1,有油,0,140,0.9784277403850586,0.9780776552944932,0.004338186663898514,1,有油,random_forest,0.36999999999999994
with_position_distance_metadata,训练数据\有油\0cm\0_2.DAT,1,有油,0,188,0.8277370101102662,0.8347771186873572,0.028559121940432038,1,有油,random_forest,0.36999999999999994
with_position_distance_metadata,训练数据\有油\0cm\0_3.DAT,1,有油,0,128,0.869837733950624,0.8863422340996707,0.05106559502583516,1,有油,random_forest,0.36999999999999994
with_position_distance_metadata,训练数据\有油\0cm\0_4.DAT,1,有油,0,130,0.8923749897519466,0.8927352324976446,0.011790215722512274,1,有油,random_forest,0.36999999999999994
with_position_distance_metadata,训练数据\有油\10cm\10_1.DAT,1,有油,10,115,0.9115258568980389,0.8788420081207444,0.06058111236930569,1,有油,random_forest,0.36999999999999994
with_position_distance_metadata,训练数据\有油\10cm\10_2.DAT,1,有油,10,127,0.8599618288886212,0.8614978779494068,0.01705552715948091,1,有油,random_forest,0.36999999999999994
with_position_distance_metadata,训练数据\有油\10cm\10_3.DAT,1,有油,10,118,0.9833537842817857,0.9845182359187752,0.012926084338296645,1,有油,random_forest,0.36999999999999994
with_position_distance_metadata,训练数据\有油\10cm\10_4.DAT,1,有油,10,113,0.6555144118927789,0.6380080290892166,0.06895496148863998,1,有油,random_forest,0.36999999999999994
with_position_distance_metadata,训练数据\有油\20cm\20_1.DAT,1,有油,20,107,0.9657565021454061,0.9723279392682362,0.03180234765885681,1,有油,random_forest,0.36999999999999994
with_position_distance_metadata,训练数据\有油\20cm\20_2.DAT,1,有油,20,128,0.8039239259907963,0.8114191848498309,0.059933527662656416,1,有油,random_forest,0.36999999999999994
with_position_distance_metadata,训练数据\有油\20cm\20_3.DAT,1,有油,20,119,0.8858755314595443,0.9728355073899456,0.16610488755617425,1,有油,random_forest,0.36999999999999994
with_position_distance_metadata,训练数据\有油\20cm\20_4.DAT,1,有油,20,163,0.9876993241268245,0.9949963403586033,0.01423570765747882,1,有油,random_forest,0.36999999999999994
with_position_distance_metadata,训练数据\有油\30cm\30_1.DAT,1,有油,30,163,0.886798859236858,0.8853477274230764,0.04032930325927358,1,有油,random_forest,0.36999999999999994
with_position_distance_metadata,训练数据\有油\30cm\30_2.DAT,1,有油,30,112,0.45104563058740105,0.4518102076375855,0.017409889019846837,1,有油,random_forest,0.36999999999999994
with_position_distance_metadata,训练数据\有油\30cm\30_3.DAT,1,有油,30,132,0.5959503758355557,0.5961326755202143,0.021320437820855034,1,有油,random_forest,0.36999999999999994
with_position_distance_metadata,训练数据\有油\30cm\30_4.DAT,1,有油,30,114,0.9521063289238479,0.9720067471872624,0.05954176458277575,1,有油,random_forest,0.36999999999999994
with_position_distance_metadata,训练数据\有油\40cm\40_1.DAT,1,有油,40,124,0.8224083651268053,0.8224410130240901,0.023371068673868345,1,有油,random_forest,0.36999999999999994
with_position_distance_metadata,训练数据\有油\40cm\40_2.DAT,1,有油,40,156,0.5279244230507705,0.5275420094312923,0.09206333952686922,1,有油,random_forest,0.36999999999999994
with_position_distance_metadata,训练数据\有油\40cm\40_3.DAT,1,有油,40,127,0.7639609899211597,0.7701467554362719,0.026581366642246824,1,有油,random_forest,0.36999999999999994
with_position_distance_metadata,训练数据\有油\40cm\40_4.DAT,1,有油,40,109,0.20702837478251418,0.19790858449250032,0.058070840690816465,0,无油,random_forest,0.36999999999999994
with_position_distance_metadata,训练数据\有油\50cm\50_1.DAT,1,有油,50,109,0.5198593246832806,0.5196334250606918,0.015826149989344094,1,有油,random_forest,0.36999999999999994
with_position_distance_metadata,训练数据\有油\50cm\50_2.DAT,1,有油,50,163,0.3773747787174972,0.3783215933772481,0.016446690452766748,1,有油,random_forest,0.36999999999999994
with_position_distance_metadata,训练数据\有油\50cm\50_3.DAT,1,有油,50,117,0.626593699981798,0.6172169153805569,0.045283230807751214,1,有油,random_forest,0.36999999999999994
with_position_distance_metadata,训练数据\有油\50cm\50_4.DAT,1,有油,50,165,0.8854443703000136,0.8966014842105559,0.030541552168032678,1,有油,random_forest,0.36999999999999994
with_position_distance_metadata,训练数据\无油\0cm\0_1.DAT,0,无油,0,123,0.08057292390209353,0.06704147266464364,0.04101062539684267,0,无油,extra_trees,0.35999999999999993
with_position_distance_metadata,训练数据\无油\0cm\0_2.DAT,0,无油,0,110,0.17852141861468906,0.17746207056443258,0.03793199204865988,0,无油,extra_trees,0.35999999999999993
with_position_distance_metadata,训练数据\无油\0cm\0_3.DAT,0,无油,0,194,0.5375832715378074,0.5891200494720208,0.26462512838747376,1,有油,extra_trees,0.35999999999999993
with_position_distance_metadata,训练数据\无油\0cm\0_4.DAT,0,无油,0,109,0.23470782920030922,0.2365555456906685,0.020675970155480682,0,无油,extra_trees,0.35999999999999993
with_position_distance_metadata,训练数据\无油\10cm\10_1.DAT,0,无油,10,115,0.023066361401865205,0.022572967667213423,0.0040371469121927425,0,无油,extra_trees,0.35999999999999993
with_position_distance_metadata,训练数据\无油\10cm\10_2.DAT,0,无油,10,177,0.06742331507101251,0.06621846521333875,0.024498267129411826,0,无油,extra_trees,0.35999999999999993
with_position_distance_metadata,训练数据\无油\10cm\10_3.DAT,0,无油,10,183,0.15488307997407616,0.11671610199941032,0.08895912729175674,0,无油,extra_trees,0.35999999999999993
with_position_distance_metadata,训练数据\无油\10cm\10_4.DAT,0,无油,10,109,0.025845414549764866,0.024680391221376944,0.007726184741251287,0,无油,extra_trees,0.35999999999999993
with_position_distance_metadata,训练数据\无油\20cm\20_1.DAT,0,无油,20,108,0.1081107662382142,0.10847898269761701,0.00761856341646155,0,无油,extra_trees,0.35999999999999993
with_position_distance_metadata,训练数据\无油\20cm\20_2.DAT,0,无油,20,129,0.12623683264730737,0.10988770427181345,0.04251442539269572,0,无油,extra_trees,0.35999999999999993
with_position_distance_metadata,训练数据\无油\20cm\20_3.DAT,0,无油,20,126,0.356279728509668,0.3632194310338258,0.0531548922074068,0,无油,extra_trees,0.35999999999999993
with_position_distance_metadata,训练数据\无油\20cm\20_4.DAT,0,无油,20,104,0.04882488042788914,0.04650175660206418,0.010101104204473863,0,无油,extra_trees,0.35999999999999993
with_position_distance_metadata,训练数据\无油\30cm\30_1.DAT,0,无油,30,210,0.10739226267824475,0.1083394993545588,0.005201855146256498,0,无油,extra_trees,0.35999999999999993
with_position_distance_metadata,训练数据\无油\30cm\30_2.DAT,0,无油,30,149,0.3001409111891562,0.2982638694942953,0.10332952272155699,0,无油,extra_trees,0.35999999999999993
with_position_distance_metadata,训练数据\无油\30cm\30_3.DAT,0,无油,30,125,0.35638042126002223,0.3593981314291609,0.0889072804920624,0,无油,extra_trees,0.35999999999999993
with_position_distance_metadata,训练数据\无油\30cm\30_4.DAT,0,无油,30,112,0.08348367678354685,0.07989028318431603,0.018481647447862078,0,无油,extra_trees,0.35999999999999993
with_position_distance_metadata,训练数据\无油\40cm\40_1.DAT,0,无油,40,168,0.13606781956644068,0.1108147774242112,0.06865309792068812,0,无油,extra_trees,0.35999999999999993
with_position_distance_metadata,训练数据\无油\40cm\40_2.DAT,0,无油,40,209,0.13519823962031027,0.10761226453643434,0.07755791421366214,0,无油,extra_trees,0.35999999999999993
with_position_distance_metadata,训练数据\无油\40cm\40_3.DAT,0,无油,40,150,0.3202631711267138,0.29145450260481365,0.06189107100397907,0,无油,extra_trees,0.35999999999999993
with_position_distance_metadata,训练数据\无油\40cm\40_4.DAT,0,无油,40,111,0.2955622387293748,0.301314268309137,0.04011977018444684,0,无油,extra_trees,0.35999999999999993
with_position_distance_metadata,训练数据\无油\50cm\50_1.DAT,0,无油,50,110,0.22791954482766225,0.21275675349738307,0.08875476510536208,0,无油,extra_trees,0.35999999999999993
with_position_distance_metadata,训练数据\无油\50cm\50_2.DAT,0,无油,50,110,0.07994914937294616,0.08770930581636144,0.027164205514209918,0,无油,extra_trees,0.35999999999999993
with_position_distance_metadata,训练数据\无油\50cm\50_3.DAT,0,无油,50,171,0.09078210721902055,0.08446804428315619,0.018155545450399806,0,无油,extra_trees,0.35999999999999993
with_position_distance_metadata,训练数据\无油\50cm\50_4.DAT,0,无油,50,110,0.25643184724797424,0.2563289616580058,0.006632104971145714,0,无油,extra_trees,0.35999999999999993
with_position_distance_metadata,训练数据\有油\0cm\0_1.DAT,1,有油,0,140,0.9825145154235722,0.9826915375156977,0.0047475494115675546,1,有油,extra_trees,0.35999999999999993
with_position_distance_metadata,训练数据\有油\0cm\0_2.DAT,1,有油,0,188,0.9754081948861815,0.9880827463010835,0.04885645600874541,1,有油,extra_trees,0.35999999999999993
with_position_distance_metadata,训练数据\有油\0cm\0_3.DAT,1,有油,0,128,0.7443689159417247,0.7502348127974855,0.043223277146831836,1,有油,extra_trees,0.35999999999999993
with_position_distance_metadata,训练数据\有油\0cm\0_4.DAT,1,有油,0,130,0.9684413796810861,0.9702912577108999,0.008801923201738842,1,有油,extra_trees,0.35999999999999993
with_position_distance_metadata,训练数据\有油\10cm\10_1.DAT,1,有油,10,115,0.9471472531267774,0.948196903822393,0.04240143669492665,1,有油,extra_trees,0.35999999999999993
with_position_distance_metadata,训练数据\有油\10cm\10_2.DAT,1,有油,10,127,0.8940259176910925,0.8894582865680731,0.0397221147413271,1,有油,extra_trees,0.35999999999999993
with_position_distance_metadata,训练数据\有油\10cm\10_3.DAT,1,有油,10,118,0.9779126852068399,0.9785733027949681,0.01137069542789441,1,有油,extra_trees,0.35999999999999993
with_position_distance_metadata,训练数据\有油\10cm\10_4.DAT,1,有油,10,113,0.8613426697678677,0.8642452469019531,0.022233556092336484,1,有油,extra_trees,0.35999999999999993
with_position_distance_metadata,训练数据\有油\20cm\20_1.DAT,1,有油,20,107,0.9678800011365416,0.9739067366243132,0.03434293814020869,1,有油,extra_trees,0.35999999999999993
with_position_distance_metadata,训练数据\有油\20cm\20_2.DAT,1,有油,20,128,0.739094419742817,0.7434468419807778,0.07197376151457474,1,有油,extra_trees,0.35999999999999993
with_position_distance_metadata,训练数据\有油\20cm\20_3.DAT,1,有油,20,119,0.9472634504219175,0.9782093371437529,0.06490409667013113,1,有油,extra_trees,0.35999999999999993
with_position_distance_metadata,训练数据\有油\20cm\20_4.DAT,1,有油,20,163,0.9792548797853585,0.9824580113995132,0.012324903935618832,1,有油,extra_trees,0.35999999999999993
with_position_distance_metadata,训练数据\有油\30cm\30_1.DAT,1,有油,30,163,0.7596110471844076,0.7615475507052227,0.042453649487081885,1,有油,extra_trees,0.35999999999999993
with_position_distance_metadata,训练数据\有油\30cm\30_2.DAT,1,有油,30,112,0.4117318793379631,0.4143851931341691,0.0231401318778251,1,有油,extra_trees,0.35999999999999993
with_position_distance_metadata,训练数据\有油\30cm\30_3.DAT,1,有油,30,132,0.4263043552853479,0.42702176224661825,0.022100008750394768,1,有油,extra_trees,0.35999999999999993
with_position_distance_metadata,训练数据\有油\30cm\30_4.DAT,1,有油,30,114,0.9174106944799141,0.9364110045497405,0.06300362699627,1,有油,extra_trees,0.35999999999999993
with_position_distance_metadata,训练数据\有油\40cm\40_1.DAT,1,有油,40,124,0.7887216978941988,0.7906734646886779,0.02696659132438355,1,有油,extra_trees,0.35999999999999993
with_position_distance_metadata,训练数据\有油\40cm\40_2.DAT,1,有油,40,156,0.6633004936806137,0.671858299062051,0.05998391049551519,1,有油,extra_trees,0.35999999999999993
with_position_distance_metadata,训练数据\有油\40cm\40_3.DAT,1,有油,40,127,0.6250563276671437,0.6240171343165097,0.032164349100422575,1,有油,extra_trees,0.35999999999999993
with_position_distance_metadata,训练数据\有油\40cm\40_4.DAT,1,有油,40,109,0.2760836580199329,0.2778678752997724,0.04178197616330104,0,无油,extra_trees,0.35999999999999993
with_position_distance_metadata,训练数据\有油\50cm\50_1.DAT,1,有油,50,109,0.3328697643608648,0.3353439816367187,0.018191718553632222,0,无油,extra_trees,0.35999999999999993
with_position_distance_metadata,训练数据\有油\50cm\50_2.DAT,1,有油,50,163,0.4779435371874709,0.47921971846374234,0.02345266414813702,1,有油,extra_trees,0.35999999999999993
with_position_distance_metadata,训练数据\有油\50cm\50_3.DAT,1,有油,50,117,0.7601057329520206,0.763463277805451,0.031108391262180297,1,有油,extra_trees,0.35999999999999993
with_position_distance_metadata,训练数据\有油\50cm\50_4.DAT,1,有油,50,165,0.824792299510993,0.8312118794842873,0.021994663626158453,1,有油,extra_trees,0.35999999999999993
with_position_distance_metadata,训练数据\无油\0cm\0_1.DAT,0,无油,0,123,0.0038892263626520364,0.0002264302640886439,0.007641857804660296,0,无油,hist_gradient_boosting,0.43999999999999995
with_position_distance_metadata,训练数据\无油\0cm\0_2.DAT,0,无油,0,110,0.00840248438096342,5.153453049195174e-05,0.07197662719157047,0,无油,hist_gradient_boosting,0.43999999999999995
with_position_distance_metadata,训练数据\无油\0cm\0_3.DAT,0,无油,0,194,0.736664423791011,0.9953182104667702,0.4342866606254469,1,有油,hist_gradient_boosting,0.43999999999999995
with_position_distance_metadata,训练数据\无油\0cm\0_4.DAT,0,无油,0,109,0.00025863891435839,0.000251324916487962,0.00010126279071625242,0,无油,hist_gradient_boosting,0.43999999999999995
with_position_distance_metadata,训练数据\无油\10cm\10_1.DAT,0,无油,10,115,4.233910543854765e-05,2.8843900108341054e-05,2.1060174157706185e-05,0,无油,hist_gradient_boosting,0.43999999999999995
with_position_distance_metadata,训练数据\无油\10cm\10_2.DAT,0,无油,10,177,9.764371516188384e-05,7.545191035348118e-05,8.68531412841056e-05,0,无油,hist_gradient_boosting,0.43999999999999995
with_position_distance_metadata,训练数据\无油\10cm\10_3.DAT,0,无油,10,183,0.0011985835238586906,0.0001908740806091839,0.002635829368598496,0,无油,hist_gradient_boosting,0.43999999999999995
with_position_distance_metadata,训练数据\无油\10cm\10_4.DAT,0,无油,10,109,1.7212300525276618e-05,1.6467782484815038e-05,9.34124731788305e-07,0,无油,hist_gradient_boosting,0.43999999999999995
with_position_distance_metadata,训练数据\无油\20cm\20_1.DAT,0,无油,20,108,0.00038632451458190867,0.0003136726843229941,0.000149546583120404,0,无油,hist_gradient_boosting,0.43999999999999995
with_position_distance_metadata,训练数据\无油\20cm\20_2.DAT,0,无油,20,129,0.05962817110694789,6.521799799732834e-05,0.21891969386128987,0,无油,hist_gradient_boosting,0.43999999999999995
with_position_distance_metadata,训练数据\无油\20cm\20_3.DAT,0,无油,20,126,0.43730056438399284,0.5056058990205062,0.3255245595832588,0,无油,hist_gradient_boosting,0.43999999999999995
with_position_distance_metadata,训练数据\无油\20cm\20_4.DAT,0,无油,20,104,0.00026806232160273794,6.392983452984646e-05,0.00035392604437580393,0,无油,hist_gradient_boosting,0.43999999999999995
with_position_distance_metadata,训练数据\无油\30cm\30_1.DAT,0,无油,30,210,0.0007558983781157043,0.0008949819647897014,0.00030263137984002324,0,无油,hist_gradient_boosting,0.43999999999999995
with_position_distance_metadata,训练数据\无油\30cm\30_2.DAT,0,无油,30,149,0.43281851105319885,0.06871867344179199,0.4501617416259616,0,无油,hist_gradient_boosting,0.43999999999999995
with_position_distance_metadata,训练数据\无油\30cm\30_3.DAT,0,无油,30,125,0.17875763032755895,0.011214755884748961,0.2320425428281339,0,无油,hist_gradient_boosting,0.43999999999999995
with_position_distance_metadata,训练数据\无油\30cm\30_4.DAT,0,无油,30,112,0.0007756113985077493,2.498154824602295e-05,0.007940059638272547,0,无油,hist_gradient_boosting,0.43999999999999995
with_position_distance_metadata,训练数据\无油\40cm\40_1.DAT,0,无油,40,168,0.009356033065862787,2.014864122526201e-05,0.0404885934749823,0,无油,hist_gradient_boosting,0.43999999999999995
with_position_distance_metadata,训练数据\无油\40cm\40_2.DAT,0,无油,40,209,0.09043564588447238,0.0016265296630010011,0.2479544285838944,0,无油,hist_gradient_boosting,0.43999999999999995
with_position_distance_metadata,训练数据\无油\40cm\40_3.DAT,0,无油,40,150,0.0009147284468142419,0.000685070523275329,0.0005393989420273274,0,无油,hist_gradient_boosting,0.43999999999999995
with_position_distance_metadata,训练数据\无油\40cm\40_4.DAT,0,无油,40,111,0.0031067459573261296,0.0009096895798029146,0.00497807538427949,0,无油,hist_gradient_boosting,0.43999999999999995
with_position_distance_metadata,训练数据\无油\50cm\50_1.DAT,0,无油,50,110,0.27859506614529544,0.22112185997279107,0.2614756467170184,0,无油,hist_gradient_boosting,0.43999999999999995
with_position_distance_metadata,训练数据\无油\50cm\50_2.DAT,0,无油,50,110,0.00023942766683274376,0.00016091613005648356,0.0006229189465980109,0,无油,hist_gradient_boosting,0.43999999999999995
with_position_distance_metadata,训练数据\无油\50cm\50_3.DAT,0,无油,50,171,0.0002609842588819852,0.0002208552505365817,0.0001696247759014395,0,无油,hist_gradient_boosting,0.43999999999999995
with_position_distance_metadata,训练数据\无油\50cm\50_4.DAT,0,无油,50,110,0.008075708118707442,0.00011972461579495418,0.01707412397359099,0,无油,hist_gradient_boosting,0.43999999999999995
with_position_distance_metadata,训练数据\有油\0cm\0_1.DAT,1,有油,0,140,0.9999806979902175,0.9999845935050543,1.3634130788395376e-05,1,有油,hist_gradient_boosting,0.43999999999999995
with_position_distance_metadata,训练数据\有油\0cm\0_2.DAT,1,有油,0,188,0.9997289574764311,0.999952671532355,0.0014150973756946658,1,有油,hist_gradient_boosting,0.43999999999999995
with_position_distance_metadata,训练数据\有油\0cm\0_3.DAT,1,有油,0,128,0.9965979058442718,0.9999294407455619,0.022002180531658533,1,有油,hist_gradient_boosting,0.43999999999999995
with_position_distance_metadata,训练数据\有油\0cm\0_4.DAT,1,有油,0,130,0.9991444918335127,0.999951960208373,0.001976872547418152,1,有油,hist_gradient_boosting,0.43999999999999995
with_position_distance_metadata,训练数据\有油\10cm\10_1.DAT,1,有油,10,115,0.9946996656610784,0.9948127419962491,0.005063318138005341,1,有油,hist_gradient_boosting,0.43999999999999995
with_position_distance_metadata,训练数据\有油\10cm\10_2.DAT,1,有油,10,127,0.9998279788169653,0.9999149444285231,0.0007194413416647306,1,有油,hist_gradient_boosting,0.43999999999999995
with_position_distance_metadata,训练数据\有油\10cm\10_3.DAT,1,有油,10,118,0.9996878265211203,0.999646335139553,0.00032863671544650726,1,有油,hist_gradient_boosting,0.43999999999999995
with_position_distance_metadata,训练数据\有油\10cm\10_4.DAT,1,有油,10,113,0.9995558736610426,0.999789448901224,0.0008091929341170268,1,有油,hist_gradient_boosting,0.43999999999999995
with_position_distance_metadata,训练数据\有油\20cm\20_1.DAT,1,有油,20,107,0.999928152463242,0.9999779716843467,0.00014985824110014137,1,有油,hist_gradient_boosting,0.43999999999999995
with_position_distance_metadata,训练数据\有油\20cm\20_2.DAT,1,有油,20,128,0.656779806192914,0.541248785643395,0.2673392677170716,1,有油,hist_gradient_boosting,0.43999999999999995
with_position_distance_metadata,训练数据\有油\20cm\20_3.DAT,1,有油,20,119,0.927823718137234,0.9999043697966814,0.1580140897796964,1,有油,hist_gradient_boosting,0.43999999999999995
with_position_distance_metadata,训练数据\有油\20cm\20_4.DAT,1,有油,20,163,0.9999290426559678,0.9999776992761343,0.00016073996142868246,1,有油,hist_gradient_boosting,0.43999999999999995
with_position_distance_metadata,训练数据\有油\30cm\30_1.DAT,1,有油,30,163,0.9996962136536466,0.9997853418361731,0.0005772552319659995,1,有油,hist_gradient_boosting,0.43999999999999995
with_position_distance_metadata,训练数据\有油\30cm\30_2.DAT,1,有油,30,112,0.19935552410486193,0.22157938683204934,0.08162726042715353,0,无油,hist_gradient_boosting,0.43999999999999995
with_position_distance_metadata,训练数据\有油\30cm\30_3.DAT,1,有油,30,132,0.9998967941632981,0.9999137646030772,7.328260636754275e-05,1,有油,hist_gradient_boosting,0.43999999999999995
with_position_distance_metadata,训练数据\有油\30cm\30_4.DAT,1,有油,30,114,0.9999672012555965,0.9999820511516109,6.036118723557192e-05,1,有油,hist_gradient_boosting,0.43999999999999995
with_position_distance_metadata,训练数据\有油\40cm\40_1.DAT,1,有油,40,124,0.9986629100322549,0.9985328399809962,0.00046306090009417134,1,有油,hist_gradient_boosting,0.43999999999999995
with_position_distance_metadata,训练数据\有油\40cm\40_2.DAT,1,有油,40,156,0.3160885779985491,0.12649419335063672,0.33744921921640236,0,无油,hist_gradient_boosting,0.43999999999999995
with_position_distance_metadata,训练数据\有油\40cm\40_3.DAT,1,有油,40,127,0.9998943483942562,0.9998873520872271,4.80900523251597e-05,1,有油,hist_gradient_boosting,0.43999999999999995
with_position_distance_metadata,训练数据\有油\40cm\40_4.DAT,1,有油,40,109,0.0017450638301160465,0.0008207894076420464,0.004362053278617989,0,无油,hist_gradient_boosting,0.43999999999999995
with_position_distance_metadata,训练数据\有油\50cm\50_1.DAT,1,有油,50,109,0.5532337560723258,0.6342993447683648,0.17676675343128476,1,有油,hist_gradient_boosting,0.43999999999999995
with_position_distance_metadata,训练数据\有油\50cm\50_2.DAT,1,有油,50,163,0.826075261098006,0.9813550487435652,0.1971805079041274,1,有油,hist_gradient_boosting,0.43999999999999995
with_position_distance_metadata,训练数据\有油\50cm\50_3.DAT,1,有油,50,117,0.788607086405658,0.8800668404170031,0.28656380778318563,1,有油,hist_gradient_boosting,0.43999999999999995
with_position_distance_metadata,训练数据\有油\50cm\50_4.DAT,1,有油,50,165,0.9998678840067827,0.9998975251904053,6.913914392684789e-05,1,有油,hist_gradient_boosting,0.43999999999999995
